is_goal,shot_id_number
0.0,10604
0.0,9126
0.0,24062
0.0,22871
0.0,11511
0.0,13885
0.0,20398
1.0,10761
1.0,24267
0.0,7242
0.0,10902
0.0,10508
0.0,24212
0.0,8745
0.0,29119
0.0,15397
1.0,5694
1.0,14408
0.0,24650
0.0,9847
0.0,7696
0.0,23721
0.0,27167
0.0,8411
0.0,22653
0.0,15055
0.0,12893
0.0,9998
0.0,29056
0.0,20303
0.0,7367
0.0,6661
0.0,9948
0.0,7914
0.0,10954
1.0,2125
0.0,9273
0.0,28708
0.0,22241
1.0,12218
0.0,21172
1.0,26949
0.0,26498
0.0,19393
0.0,17677
0.0,12815
0.0,10576
0.0,14052
0.0,8523
1.0,16939
0.0,26852
0.0,11010
0.0,8060
0.0,13633
0.0,14212
0.0,22705
0.0,4616
0.0,6039
1.0,5330
0.0,16933
0.0,5810
0.0,29126
0.0,6498
1.0,1530
0.0,2199
0.0,9409
0.0,16950
0.0,336
1.0,20419
0.0,8012
0.0,9197
0.0,7252
0.0,14134
1.0,25559
0.0,20517
0.0,19190
0.0,20341
0.0,25505
0.0,18439
0.0,75
0.0,10834
0.0,29573
1.0,10165
0.0,19945
0.0,20798
0.0,1551
0.0,11070
0.0,27117
0.0,10024
0.0,1993
0.0,25918
0.0,11252
0.0,3065
0.0,8772
0.0,15964
1.0,8462
0.0,8025
0.0,18469
0.0,9081
0.0,23244
0.0,19812
0.0,10314
0.0,13574
0.0,29895
0.0,4130
0.0,28919
0.0,17417
0.0,253
0.0,30309
1.0,20216
0.0,13681
1.0,3696
1.0,748
0.0,277
0.0,28547
1.0,28542
0.0,21023
0.0,15074
0.0,7880
0.0,14314
0.0,6442
0.0,14734
0.0,2908
0.0,8483
0.0,21629
0.0,18209
0.0,11150
0.0,29564
0.0,28500
0.0,24291
0.0,7219
0.0,20022
0.0,21100
0.0,21505
0.0,11648
0.0,6246
0.0,9978
0.0,3317
0.0,6404
1.0,23492
0.0,29223
0.0,10424
0.0,13888
0.0,9060
1.0,29381
0.0,1092
0.0,3746
1.0,522
0.0,30628
0.0,2055
1.0,5416
0.0,30261
0.0,10706
0.0,17394
0.0,7504
0.0,25480
0.0,9569
0.0,14654
0.0,5857
0.0,7629
0.0,16639
0.0,4535
0.0,1027
0.0,11133
0.0,16804
0.0,28382
0.0,13759
0.0,4533
1.0,3394
0.0,23210
0.0,26224
0.0,13214
0.0,1500
1.0,13285
0.0,3734
0.0,29260
1.0,12415
1.0,19763
1.0,12019
0.0,8706
0.0,7395
0.0,960
0.0,23560
0.0,7179
0.0,25842
0.0,760
0.0,22316
0.0,30184
0.0,9762
0.0,12361
0.0,19395
0.0,19208
0.0,12462
0.0,17297
0.0,13765
1.0,28230
0.0,21153
0.0,7450
0.0,1985
0.0,27526
0.0,2656
0.0,10419
0.0,14239
0.0,7224
0.0,25787
0.0,15413
0.0,26552
0.0,13252
0.0,6965
0.0,17509
0.0,5832
0.0,4820
0.0,8157
0.0,19817
0.0,3257
0.0,2932
0.0,9259
0.0,2483
0.0,21440
0.0,28362
0.0,21308
0.0,25138
0.0,6713
0.0,22304
0.0,18691
1.0,1315
0.0,29204
0.0,19518
0.0,2416
0.0,20425
0.0,18596
0.0,4558
0.0,11047
0.0,11046
0.0,12349
0.0,23357
1.0,25368
0.0,2141
0.0,4664
0.0,21832
0.0,17682
0.0,28970
0.0,11359
0.0,23960
0.0,3761
0.0,19485
0.0,13510
0.0,12023
0.0,27435
0.0,22276
0.0,13104
0.0,2029
0.0,8029
1.0,2344
1.0,1534
0.0,29217
0.0,20768
0.0,11001
0.0,15129
0.0,8844
0.0,866
0.0,25564
0.0,4403
0.0,20677
0.0,19659
0.0,3009
0.0,28245
0.0,28545
0.0,5589
0.0,19823
0.0,15089
0.0,16778
1.0,16612
1.0,4799
1.0,2238
0.0,14234
0.0,28045
0.0,27794
0.0,23249
0.0,28912
0.0,3446
0.0,29811
0.0,10078
0.0,12929
0.0,1343
1.0,13832
0.0,21520
0.0,12246
0.0,29974
0.0,1318
0.0,22014
0.0,15164
0.0,5862
0.0,26727
0.0,11525
0.0,14240
1.0,24729
0.0,19588
0.0,26355
0.0,28304
0.0,21262
0.0,49
0.0,27296
0.0,15989
0.0,28421
0.0,12819
0.0,21101
0.0,30541
0.0,27173
0.0,24489
0.0,13221
0.0,20743
0.0,16156
0.0,22278
0.0,2827
0.0,20269
0.0,7068
0.0,19283
0.0,17576
0.0,16404
0.0,24975
0.0,23347
0.0,12461
0.0,29181
0.0,20120
0.0,24585
0.0,13902
0.0,29950
0.0,28971
0.0,20322
1.0,5728
0.0,14249
0.0,11421
0.0,26803
0.0,9715
0.0,3436
0.0,21275
0.0,17204
0.0,18301
0.0,9026
0.0,8309
0.0,16249
0.0,12445
0.0,9586
0.0,16118
0.0,4380
0.0,17921
1.0,26950
0.0,10869
1.0,28778
0.0,5226
0.0,11883
0.0,27846
0.0,10148
0.0,28817
0.0,8400
0.0,6230
0.0,2784
0.0,23859
0.0,19709
0.0,27348
0.0,3040
0.0,8789
0.0,23127
0.0,4692
0.0,23248
0.0,1097
0.0,1217
0.0,15376
0.0,16956
0.0,23176
0.0,14418
0.0,23328
1.0,24851
0.0,21510
1.0,12125
0.0,14875
0.0,23426
0.0,27700
0.0,17017
0.0,12865
0.0,25510
0.0,27702
0.0,9270
0.0,12816
0.0,3788
0.0,28122
0.0,2100
0.0,11651
0.0,5225
0.0,7598
0.0,4833
1.0,26127
0.0,21940
0.0,16415
0.0,7402
0.0,19240
0.0,25402
0.0,28728
0.0,981
0.0,15285
0.0,30686
0.0,11356
0.0,25325
0.0,7223
0.0,25681
0.0,6563
1.0,391
0.0,15014
0.0,11381
0.0,24667
0.0,18251
0.0,3946
1.0,28195
0.0,12946
0.0,1952
0.0,21391
0.0,15939
0.0,14548
0.0,16283
0.0,15539
0.0,18185
0.0,30214
0.0,7386
0.0,6519
0.0,13680
0.0,16699
0.0,11970
0.0,10429
0.0,21814
0.0,19501
1.0,15009
0.0,10724
0.0,282
0.0,8556
0.0,1555
0.0,23241
0.0,8954
1.0,25151
0.0,20532
0.0,5809
0.0,18121
0.0,19
0.0,18755
0.0,4759
0.0,1764
0.0,7149
0.0,24672
0.0,27675
1.0,2572
0.0,16619
0.0,9012
0.0,19981
0.0,3312
1.0,12711
0.0,9110
0.0,6943
0.0,11085
0.0,29221
0.0,21723
0.0,25486
0.0,18149
1.0,30207
0.0,3834
1.0,2202
0.0,1782
0.0,19232
0.0,29207
0.0,16276
0.0,1922
0.0,2691
0.0,26107
0.0,30134
0.0,7477
0.0,10991
0.0,26559
0.0,6672
0.0,9992
0.0,1742
0.0,30219
0.0,8818
0.0,14420
1.0,28660
0.0,7487
0.0,26244
0.0,17713
0.0,14823
0.0,14012
0.0,4270
0.0,27759
0.0,15483
1.0,1810
0.0,1991
1.0,26342
0.0,4277
0.0,22656
0.0,9895
0.0,15218
0.0,8465
0.0,1575
0.0,7368
0.0,14664
0.0,15988
0.0,30587
0.0,21051
0.0,24596
0.0,27440
0.0,9898
0.0,8103
0.0,4985
0.0,4104
0.0,18042
0.0,17071
1.0,25566
0.0,14058
0.0,25009
1.0,12625
0.0,876
0.0,11641
0.0,16201
0.0,8440
0.0,27364
0.0,2135
0.0,7239
0.0,30677
0.0,19194
0.0,3123
0.0,11012
1.0,883
0.0,1722
1.0,3596
0.0,8738
0.0,26013
0.0,30479
0.0,15593
0.0,11009
0.0,15051
0.0,10084
0.0,19203
0.0,29926
0.0,12864
0.0,5324
0.0,1788
0.0,25508
0.0,13094
0.0,13561
0.0,6645
0.0,25205
0.0,7092
0.0,3255
0.0,15843
0.0,29638
0.0,26057
0.0,1064
0.0,11665
0.0,17869
0.0,25560
0.0,965
0.0,14611
0.0,272
0.0,14279
0.0,30003
0.0,22969
0.0,19561
0.0,3352
0.0,13962
0.0,17315
0.0,7893
0.0,29751
0.0,19797
0.0,28679
0.0,16941
0.0,14796
0.0,21104
0.0,30095
0.0,23234
0.0,8442
0.0,18892
0.0,26644
0.0,26465
0.0,4142
0.0,28969
0.0,28065
0.0,17412
0.0,18713
0.0,18342
0.0,13245
0.0,13005
0.0,24733
1.0,6583
0.0,7588
0.0,20946
0.0,729
0.0,15264
0.0,2408
0.0,12289
0.0,8464
0.0,15015
0.0,27000
0.0,13420
0.0,20949
0.0,23627
0.0,24275
0.0,21561
0.0,427
0.0,1443
0.0,17023
0.0,13701
1.0,14286
0.0,744
0.0,11479
0.0,30024
0.0,5721
1.0,24989
0.0,27944
0.0,3807
0.0,5859
0.0,2635
0.0,1926
0.0,30278
1.0,23639
0.0,5298
0.0,10242
0.0,19433
0.0,29434
0.0,22425
0.0,28600
0.0,21000
0.0,26593
1.0,6561
1.0,19473
0.0,13314
0.0,20518
0.0,11286
0.0,25580
0.0,9212
1.0,15548
0.0,4304
0.0,12513
0.0,9576
0.0,8905
0.0,6200
1.0,7006
0.0,592
0.0,13463
1.0,8240
1.0,25622
0.0,18126
0.0,4605
0.0,18433
0.0,2749
0.0,9888
0.0,14225
0.0,6558
0.0,26029
0.0,9248
0.0,4689
1.0,5712
0.0,12940
1.0,24346
0.0,6891
0.0,26285
0.0,28172
0.0,7909
0.0,17459
0.0,5643
0.0,9485
0.0,26765
0.0,18601
0.0,22847
0.0,24636
0.0,14299
0.0,29640
0.0,26877
0.0,1279
0.0,8149
1.0,14401
0.0,26707
0.0,14250
0.0,169
0.0,13527
0.0,2248
0.0,5456
1.0,20539
0.0,20318
0.0,18559
0.0,23340
0.0,3832
0.0,27238
1.0,25262
0.0,18082
0.0,8226
1.0,17742
0.0,13209
0.0,18758
0.0,14919
0.0,15899
0.0,30201
0.0,1424
0.0,9575
1.0,26747
0.0,23519
0.0,23641
0.0,18423
0.0,18392
0.0,12420
0.0,23433
0.0,1631
0.0,25824
0.0,4646
0.0,14570
0.0,23447
0.0,28743
0.0,18011
0.0,27896
0.0,10342
0.0,9156
0.0,14013
0.0,11458
1.0,8910
0.0,12252
0.0,16064
0.0,20634
0.0,217
0.0,25611
0.0,5167
0.0,17555
0.0,14289
0.0,24100
0.0,1700
0.0,20549
0.0,5798
0.0,1007
0.0,11083
0.0,24618
0.0,27060
1.0,638
0.0,15203
0.0,14618
0.0,18751
0.0,30043
0.0,13494
0.0,24564
0.0,17990
0.0,19619
0.0,6294
0.0,25131
0.0,2613
0.0,18320
0.0,14749
0.0,19466
0.0,23225
0.0,15759
0.0,9784
0.0,16606
0.0,6151
0.0,123
0.0,30199
0.0,24468
0.0,15798
0.0,16693
0.0,8457
0.0,5776
0.0,10354
0.0,5117
0.0,4113
0.0,8458
0.0,17257
0.0,30285
0.0,7850
0.0,2053
0.0,19915
0.0,2144
0.0,9635
0.0,14128
0.0,22477
0.0,22803
0.0,16645
0.0,15626
0.0,24722
0.0,23820
0.0,13459
0.0,2795
0.0,14000
0.0,30583
0.0,28314
1.0,25636
0.0,29694
0.0,14937
0.0,22813
0.0,13187
0.0,14254
0.0,30202
0.0,26837
0.0,4299
0.0,7784
0.0,29978
1.0,10664
1.0,7498
0.0,22807
0.0,10398
0.0,25599
1.0,12663
0.0,7274
0.0,9369
0.0,23088
0.0,12400
0.0,6193
0.0,2466
0.0,16307
0.0,12393
0.0,16272
1.0,25790
0.0,16898
1.0,12144
1.0,326
0.0,18795
0.0,11687
0.0,21098
0.0,14143
1.0,24922
0.0,27586
0.0,20439
0.0,7876
0.0,4590
0.0,16353
0.0,19354
0.0,30457
0.0,9685
0.0,19484
0.0,11706
0.0,19171
0.0,12312
0.0,13020
0.0,29304
0.0,24662
0.0,10116
0.0,20485
0.0,2681
0.0,2901
1.0,20982
0.0,15237
0.0,24606
0.0,12727
0.0,21655
0.0,21618
0.0,9525
0.0,20927
0.0,11294
0.0,24826
0.0,2081
0.0,24401
1.0,15112
1.0,1894
0.0,29382
0.0,14262
0.0,21800
0.0,14084
0.0,28645
1.0,23771
0.0,24200
1.0,28303
0.0,3819
1.0,18819
0.0,26996
0.0,13656
0.0,23081
0.0,22824
0.0,29696
0.0,29930
0.0,12670
0.0,30539
0.0,22569
1.0,15193
0.0,14320
0.0,12545
0.0,23165
0.0,1658
0.0,20705
0.0,22820
1.0,15022
0.0,8328
1.0,24744
0.0,8699
0.0,11124
0.0,14630
0.0,21873
0.0,5286
0.0,13505
1.0,719
0.0,11989
0.0,23428
0.0,21887
0.0,25871
0.0,29431
0.0,17944
0.0,15309
0.0,11477
0.0,18300
0.0,3322
0.0,30553
0.0,9260
0.0,27172
0.0,6804
0.0,15153
0.0,6023
0.0,24266
0.0,23546
0.0,5322
0.0,14283
1.0,11296
0.0,21415
0.0,3907
0.0,14251
0.0,26945
1.0,23318
0.0,22268
0.0,15831
0.0,27718
0.0,13119
0.0,18506
0.0,11005
0.0,6981
0.0,19857
0.0,21642
0.0,9926
0.0,23342
0.0,18212
0.0,28797
0.0,13536
0.0,9384
0.0,17970
0.0,8430
0.0,17524
1.0,28142
0.0,10215
0.0,26860
0.0,12909
0.0,1784
0.0,25987
1.0,25808
1.0,11929
0.0,8551
0.0,13084
0.0,27750
0.0,23105
0.0,24776
0.0,16515
0.0,12478
0.0,14054
0.0,22428
0.0,13718
0.0,19202
1.0,26431
0.0,22781
0.0,12966
0.0,3354
0.0,24037
0.0,21002
1.0,29577
0.0,7897
0.0,12256
1.0,19767
0.0,9251
0.0,27817
0.0,25646
0.0,1445
0.0,13432
0.0,11183
0.0,4037
0.0,9003
0.0,15974
0.0,67
0.0,9647
1.0,23361
0.0,27551
0.0,9225
0.0,23053
0.0,25442
0.0,6552
0.0,17852
0.0,16172
0.0,10813
0.0,29821
0.0,8046
0.0,25743
0.0,14422
0.0,23294
0.0,8955
0.0,29293
0.0,24230
0.0,8868
1.0,25079
0.0,30083
0.0,22778
0.0,25952
0.0,3231
0.0,884
0.0,28050
0.0,20793
0.0,26692
0.0,23343
0.0,19213
0.0,19302
0.0,5878
0.0,846
0.0,20778
0.0,12050
0.0,17711
0.0,232
0.0,13756
0.0,27331
0.0,16137
0.0,26302
0.0,16689
0.0,23037
0.0,11747
0.0,29953
0.0,21164
1.0,30103
0.0,1420
0.0,8784
0.0,8889
0.0,22974
0.0,7584
0.0,14179
0.0,19368
0.0,21168
0.0,3856
0.0,25335
0.0,30215
0.0,10789
0.0,17273
1.0,14206
0.0,24965
0.0,25339
0.0,8667
0.0,17052
0.0,22507
0.0,4138
0.0,1945
0.0,23240
0.0,2337
0.0,6028
0.0,19880
0.0,14797
0.0,8063
0.0,5227
0.0,6772
0.0,9717
0.0,22294
0.0,27050
0.0,12182
0.0,19796
0.0,1561
0.0,19101
0.0,25209
0.0,13331
0.0,19148
1.0,5816
0.0,8726
1.0,9661
0.0,30460
0.0,9708
0.0,7348
0.0,1688
0.0,11936
0.0,15737
1.0,19058
0.0,17836
0.0,30697
0.0,14532
0.0,8879
0.0,3262
0.0,14851
0.0,12871
0.0,18760
1.0,10251
0.0,20317
0.0,5083
0.0,157
0.0,3475
0.0,4054
0.0,19554
0.0,990
0.0,4880
0.0,13175
0.0,16124
0.0,25717
0.0,17837
0.0,6970
0.0,28913
0.0,22523
0.0,5334
0.0,13509
0.0,7621
0.0,19026
0.0,7816
0.0,8796
0.0,24846
1.0,24207
0.0,27131
0.0,4862
0.0,6473
1.0,28177
0.0,26907
0.0,12244
0.0,19742
0.0,26372
0.0,18438
0.0,25957
1.0,1873
0.0,28290
0.0,30661
0.0,12652
0.0,15235
1.0,3428
0.0,30155
0.0,14559
0.0,15639
0.0,30465
0.0,4044
0.0,407
0.0,28183
0.0,24599
0.0,12368
1.0,28064
0.0,2553
0.0,26065
0.0,1133
0.0,16597
0.0,23728
0.0,26669
0.0,27583
0.0,20896
0.0,15248
0.0,26750
0.0,19230
1.0,23250
0.0,8345
0.0,12253
0.0,19384
1.0,2862
0.0,28974
0.0,8414
0.0,16403
0.0,29809
0.0,18750
0.0,18976
0.0,26328
0.0,19862
1.0,4442
0.0,18380
0.0,21607
0.0,3853
0.0,991
0.0,17404
0.0,17681
0.0,7545
0.0,24446
0.0,28262
0.0,18455
0.0,17784
0.0,4184
0.0,3852
0.0,9296
0.0,18513
0.0,7344
0.0,1342
1.0,1095
0.0,19516
0.0,17498
0.0,17565
0.0,27090
0.0,2734
0.0,17013
0.0,3540
0.0,2432
1.0,14204
0.0,23264
0.0,3204
1.0,3602
0.0,13607
0.0,30045
1.0,14841
0.0,25284
0.0,22611
1.0,6766
0.0,15533
0.0,1731
0.0,11130
0.0,27007
0.0,15585
0.0,19733
0.0,197
0.0,12196
0.0,22079
0.0,3414
0.0,26809
0.0,5166
0.0,1729
0.0,18260
0.0,1179
1.0,9332
0.0,1766
0.0,13848
0.0,28909
0.0,12723
0.0,23858
0.0,28047
0.0,13679
0.0,27372
0.0,29526
0.0,29496
0.0,19983
1.0,23580
1.0,6079
0.0,14217
0.0,29958
1.0,14439
0.0,2973
1.0,4391
0.0,1949
0.0,4645
0.0,12869
0.0,24797
0.0,5195
0.0,25769
1.0,11760
0.0,15497
0.0,10708
0.0,4242
0.0,25142
1.0,6102
0.0,2415
0.0,24664
0.0,17444
0.0,3104
1.0,12463
0.0,11497
0.0,19743
0.0,11253
0.0,15030
0.0,13322
0.0,22939
0.0,24269
1.0,11354
0.0,7142
0.0,6869
0.0,15077
0.0,14311
0.0,17089
0.0,24090
0.0,24928
0.0,27653
0.0,4392
0.0,3783
0.0,16679
0.0,6814
0.0,24397
0.0,4808
0.0,26652
0.0,7842
0.0,6419
0.0,15828
0.0,30124
0.0,21568
0.0,11149
0.0,18137
0.0,22583
0.0,14590
0.0,19865
0.0,25377
0.0,14126
0.0,27801
0.0,1585
0.0,18547
0.0,21072
1.0,2189
0.0,16340
0.0,5111
0.0,18412
0.0,21980
0.0,12036
0.0,8585
0.0,10273
0.0,15840
0.0,14920
1.0,24724
0.0,26568
0.0,26356
0.0,17430
0.0,7150
0.0,6816
0.0,24248
1.0,12783
0.0,29308
0.0,17392
0.0,30439
0.0,2386
0.0,17664
0.0,9076
0.0,30158
0.0,22263
0.0,12311
0.0,26841
0.0,5568
1.0,27962
0.0,736
0.0,3669
0.0,6185
0.0,28309
0.0,3103
0.0,18969
0.0,2922
0.0,24330
1.0,1830
0.0,13113
1.0,6859
0.0,15330
0.0,24042
0.0,19197
0.0,7100
1.0,5054
0.0,2460
0.0,26323
0.0,6620
0.0,21885
0.0,29653
0.0,14483
0.0,19117
0.0,11239
0.0,2307
0.0,23052
0.0,813
0.0,2859
1.0,16062
0.0,9358
0.0,13624
0.0,20067
0.0,4341
0.0,1170
0.0,6356
0.0,17065
0.0,20836
0.0,20031
0.0,25713
0.0,30643
0.0,19071
0.0,29183
0.0,17608
0.0,22196
0.0,1910
0.0,4895
0.0,28850
0.0,6953
0.0,6451
0.0,11417
0.0,21670
0.0,21833
0.0,17148
0.0,13133
0.0,8142
0.0,22668
0.0,1906
0.0,18740
0.0,4227
0.0,2640
1.0,21180
0.0,15903
0.0,1449
1.0,13735
0.0,5289
0.0,28868
0.0,8278
0.0,22884
0.0,27932
0.0,30543
0.0,21158
0.0,23211
0.0,14303
0.0,19394
0.0,16378
0.0,1003
1.0,1483
0.0,25423
0.0,28361
0.0,10755
0.0,20288
0.0,1230
0.0,21102
0.0,21666
0.0,14125
0.0,11594
0.0,9373
0.0,5970
0.0,11915
0.0,11813
0.0,14236
0.0,320
0.0,14252
1.0,12410
0.0,1501
0.0,20123
1.0,16978
0.0,22559
1.0,1403
1.0,26210
1.0,6080
0.0,12192
0.0,1248
0.0,12931
0.0,14498
0.0,6849
0.0,23142
0.0,4546
0.0,21663
0.0,11205
0.0,15275
0.0,7570
0.0,12500
0.0,10452
0.0,173
0.0,1752
0.0,25998
0.0,13391
0.0,11739
0.0,5292
0.0,1124
0.0,6444
0.0,2649
0.0,5591
0.0,18570
0.0,4286
0.0,16096
0.0,8223
0.0,24445
0.0,1040
0.0,30586
0.0,24087
0.0,22346
0.0,22798
0.0,15617
1.0,4573
0.0,10519
0.0,1798
0.0,170
0.0,28187
0.0,246
0.0,24519
0.0,22796
0.0,17130
0.0,18568
0.0,28194
0.0,3861
0.0,29151
0.0,3393
0.0,27186
0.0,24509
0.0,506
0.0,29075
0.0,11014
0.0,27130
0.0,1692
0.0,20935
0.0,24131
0.0,25483
0.0,7399
0.0,18313
0.0,10345
0.0,27184
0.0,20111
0.0,27152
0.0,17762
0.0,14789
1.0,23527
0.0,18353
1.0,27912
0.0,17818
0.0,11946
0.0,14690
0.0,9629
0.0,20792
0.0,16169
0.0,1590
0.0,17716
0.0,30198
0.0,10845
1.0,15276
0.0,24287
0.0,4274
0.0,22674
0.0,7164
0.0,152
0.0,12985
0.0,26944
0.0,5393
0.0,29860
1.0,19999
0.0,23637
0.0,15549
0.0,14272
0.0,3510
1.0,351
0.0,17596
0.0,19301
0.0,8331
0.0,23031
0.0,11280
1.0,11444
0.0,28528
0.0,23955
0.0,2233
0.0,24171
0.0,6305
0.0,18943
0.0,22408
0.0,12168
0.0,20457
1.0,7695
0.0,14716
0.0,24380
0.0,7987
0.0,21492
0.0,11856
0.0,6272
1.0,9480
0.0,24238
0.0,2404
0.0,14709
0.0,935
1.0,29035
0.0,27714
1.0,21519
0.0,7676
0.0,23632
0.0,30048
0.0,18466
0.0,9657
0.0,1657
0.0,12453
0.0,29898
1.0,22822
0.0,9486
0.0,8596
0.0,17653
0.0,17416
0.0,14185
0.0,12163
0.0,2155
0.0,24002
0.0,14977
0.0,16909
1.0,23911
0.0,231
0.0,20774
0.0,16567
0.0,3479
0.0,2165
0.0,4568
0.0,3054
0.0,16787
0.0,21027
0.0,2698
0.0,8856
0.0,3719
0.0,20820
0.0,29969
0.0,5896
0.0,16203
0.0,24395
0.0,12160
0.0,16034
0.0,9867
1.0,30166
0.0,17354
0.0,11208
0.0,25797
0.0,28764
0.0,30175
0.0,26444
0.0,14819
0.0,8401
0.0,11032
0.0,8330
0.0,8632
0.0,29198
0.0,889
0.0,21603
0.0,29289
0.0,27950
0.0,21193
0.0,20562
0.0,29180
0.0,3545
0.0,6726
0.0,16312
0.0,17228
0.0,13230
0.0,24345
0.0,20745
0.0,24389
0.0,5609
0.0,11062
0.0,25178
0.0,11437
0.0,5760
0.0,26316
0.0,16687
0.0,14793
0.0,22487
0.0,417
0.0,11768
0.0,22146
0.0,14281
0.0,4607
0.0,5621
0.0,16509
0.0,9930
0.0,2203
0.0,9123
0.0,29592
0.0,13274
0.0,20507
0.0,29231
0.0,12714
0.0,30042
0.0,17142
0.0,24104
0.0,21928
0.0,18663
0.0,5824
0.0,2925
0.0,14766
0.0,26229
1.0,7443
0.0,26239
0.0,19963
0.0,7575
0.0,30123
0.0,24956
0.0,13713
0.0,15713
0.0,28477
0.0,99
0.0,322
0.0,20596
0.0,1245
0.0,29896
0.0,15756
0.0,5961
0.0,12053
0.0,16962
0.0,26542
0.0,3337
0.0,15523
0.0,8250
0.0,27684
0.0,21792
0.0,24246
0.0,16477
1.0,1128
0.0,24419
0.0,11615
0.0,450
0.0,2676
0.0,22836
0.0,8313
0.0,21363
0.0,13092
0.0,2437
0.0,651
1.0,10595
0.0,4172
0.0,24550
0.0,3359
0.0,19121
1.0,25703
0.0,30496
0.0,17537
0.0,29177
0.0,26369
0.0,11341
0.0,25539
0.0,19917
0.0,837
0.0,15634
0.0,16566
0.0,11531
0.0,9706
0.0,23860
1.0,27066
0.0,3873
0.0,5560
0.0,17924
1.0,26902
0.0,19059
1.0,1238
0.0,28637
0.0,9455
0.0,11500
0.0,28688
0.0,10489
0.0,21259
0.0,13204
0.0,18905
0.0,1774
0.0,26620
0.0,26247
0.0,22698
0.0,28346
0.0,9414
0.0,29725
0.0,7
0.0,24874
0.0,1191
0.0,19864
0.0,27866
0.0,5219
0.0,28325
0.0,3077
0.0,9707
0.0,24292
0.0,23825
0.0,30007
0.0,14703
0.0,3432
0.0,2607
1.0,28808
0.0,16936
0.0,22313
0.0,618
0.0,18670
0.0,19413
0.0,8747
0.0,6659
0.0,20235
0.0,19011
0.0,14612
0.0,22185
0.0,16848
0.0,4697
0.0,8422
0.0,13569
0.0,8230
0.0,20159
0.0,12559
0.0,7703
0.0,25598
1.0,15908
0.0,24771
0.0,15669
0.0,1236
0.0,22262
1.0,2331
0.0,11104
0.0,460
0.0,18688
0.0,16462
0.0,24190
0.0,23877
0.0,26407
0.0,11851
0.0,9172
0.0,22502
0.0,2693
0.0,4629
0.0,14773
1.0,27762
0.0,24553
0.0,428
0.0,11027
0.0,24806
0.0,16427
0.0,24763
0.0,19045
1.0,26929
0.0,2888
0.0,19279
0.0,19154
0.0,27983
0.0,16216
0.0,5143
0.0,3132
1.0,8426
0.0,4231
0.0,14181
0.0,10885
0.0,15297
0.0,17230
0.0,22753
0.0,19128
0.0,18411
0.0,22517
0.0,5932
0.0,22156
0.0,7756
0.0,6837
0.0,26392
0.0,21486
0.0,23236
1.0,17001
0.0,27616
0.0,10300
0.0,24273
0.0,9918
0.0,29185
0.0,16482
0.0,8208
0.0,3079
0.0,20521
0.0,11845
0.0,24675
0.0,6412
0.0,21282
0.0,6145
0.0,5540
0.0,19884
0.0,20289
0.0,2981
0.0,25299
0.0,19557
0.0,24099
0.0,11950
0.0,22058
0.0,22010
0.0,25117
0.0,13261
0.0,20129
0.0,6053
0.0,437
0.0,1130
0.0,2567
0.0,26865
0.0,6741
0.0,10564
0.0,26858
0.0,3992
0.0,6218
0.0,25878
0.0,17177
0.0,5544
0.0,23463
0.0,26709
0.0,9089
0.0,27897
1.0,27796
0.0,19435
0.0,261
1.0,12785
0.0,16433
0.0,18657
0.0,29087
0.0,7200
0.0,10086
0.0,28727
0.0,17110
0.0,27743
0.0,6061
0.0,3427
0.0,28944
0.0,14752
0.0,27514
0.0,11108
0.0,24842
0.0,5671
0.0,25383
0.0,7571
1.0,25191
0.0,17164
0.0,20192
0.0,25168
0.0,440
0.0,15936
0.0,10423
0.0,20636
0.0,6138
0.0,1827
0.0,24261
0.0,16029
0.0,5335
0.0,4014
0.0,14123
0.0,21032
0.0,1964
0.0,17621
0.0,2397
0.0,28933
0.0,20052
0.0,621
0.0,22122
0.0,11878
0.0,18228
0.0,19955
0.0,4034
0.0,9100
0.0,14345
0.0,9047
0.0,27033
0.0,3145
0.0,17570
0.0,28399
0.0,26675
0.0,10315
1.0,13134
0.0,4502
0.0,22032
0.0,10818
0.0,13312
0.0,4221
0.0,13995
0.0,17187
0.0,25988
0.0,18120
0.0,3674
0.0,29085
0.0,22934
0.0,9760
0.0,29865
0.0,8871
0.0,29483
0.0,23091
0.0,4913
0.0,28206
0.0,13666
0.0,16923
0.0,25529
0.0,24700
0.0,9142
0.0,20391
0.0,5323
0.0,13250
0.0,18255
0.0,12519
0.0,28247
0.0,9268
0.0,4065
0.0,4245
0.0,3883
0.0,12154
0.0,8456
1.0,24557
0.0,12003
0.0,29486
0.0,27124
0.0,21908
0.0,30394
0.0,13791
0.0,9398
0.0,11613
0.0,6971
0.0,22375
0.0,18448
0.0,3841
0.0,24407
0.0,10437
0.0,6070
0.0,19662
0.0,22148
0.0,5244
0.0,12542
0.0,1221
0.0,3972
0.0,1889
0.0,13298
0.0,27669
0.0,20906
0.0,7093
0.0,10989
0.0,21467
0.0,2918
0.0,4434
0.0,7671
0.0,1898
0.0,20814
0.0,16518
0.0,23658
0.0,8624
0.0,4411
0.0,11630
0.0,14585
0.0,24734
0.0,10205
0.0,10698
0.0,21421
0.0,3469
1.0,14696
0.0,23384
0.0,10014
0.0,29630
0.0,28398
0.0,8188
1.0,209
0.0,13473
0.0,23407
0.0,6296
0.0,21277
0.0,7902
0.0,26738
0.0,409
1.0,20228
0.0,6675
0.0,15346
0.0,4337
0.0,16650
0.0,24176
0.0,13202
0.0,19711
0.0,14887
0.0,11685
0.0,4450
0.0,22563
0.0,4722
0.0,25634
0.0,23246
0.0,22554
0.0,19927
0.0,2021
0.0,6262
1.0,7101
0.0,4884
0.0,7347
0.0,19873
0.0,1944
0.0,16990
0.0,17879
0.0,12441
0.0,9875
0.0,5285
0.0,3090
0.0,11608
0.0,10728
0.0,9481
0.0,7452
0.0,13487
0.0,9908
0.0,25461
0.0,10054
0.0,28631
0.0,5139
0.0,14556
1.0,1871
0.0,20101
1.0,25362
0.0,14219
0.0,23054
0.0,26550
0.0,2509
0.0,28427
0.0,23329
0.0,12034
0.0,7017
0.0,24199
0.0,8017
0.0,26397
0.0,8660
0.0,21138
0.0,25403
0.0,26318
0.0,18019
0.0,18635
1.0,25298
0.0,26325
0.0,22971
0.0,19740
0.0,17930
0.0,12564
0.0,10364
0.0,18526
0.0,14332
0.0,6073
1.0,8388
0.0,10269
0.0,11558
0.0,15449
0.0,29817
0.0,25747
0.0,30390
0.0,24583
0.0,28120
0.0,24064
0.0,14895
0.0,3080
0.0,10628
0.0,833
0.0,15337
0.0,22435
0.0,3138
0.0,4314
0.0,29233
0.0,13434
0.0,18309
0.0,12049
0.0,22178
0.0,25873
0.0,20151
0.0,27539
0.0,11901
0.0,12325
0.0,18211
0.0,22476
0.0,1862
0.0,22771
0.0,4542
0.0,4735
0.0,27318
0.0,25204
0.0,16142
0.0,10102
0.0,17993
0.0,8007
1.0,12987
0.0,8219
0.0,17200
0.0,21331
0.0,25196
0.0,28757
0.0,7547
0.0,6739
0.0,12510
0.0,2895
0.0,154
0.0,22625
0.0,17877
0.0,4707
0.0,28625
0.0,9945
0.0,3152
0.0,17694
0.0,17936
1.0,30528
0.0,14392
0.0,9356
0.0,10917
0.0,1413
0.0,22125
0.0,25904
0.0,6848
1.0,4036
0.0,12473
0.0,18609
0.0,8097
0.0,30208
0.0,27453
0.0,8383
0.0,16493
0.0,16330
0.0,5375
0.0,19258
0.0,9432
0.0,4773
0.0,13361
0.0,14068
0.0,5188
0.0,7364
0.0,9521
0.0,28277
0.0,28080
1.0,16892
0.0,15401
0.0,21133
0.0,19732
0.0,6694
0.0,17153
0.0,16564
0.0,19710
0.0,27334
0.0,17076
1.0,24233
0.0,11292
0.0,8834
0.0,22017
0.0,12084
0.0,1458
0.0,9933
0.0,26293
1.0,12395
0.0,1683
0.0,4047
0.0,30683
0.0,29704
0.0,25550
0.0,4030
0.0,19352
0.0,14871
1.0,1114
0.0,27358
0.0,22265
0.0,21448
0.0,13269
0.0,26433
0.0,8227
0.0,14569
0.0,17996
0.0,20865
0.0,21490
0.0,4683
0.0,15878
0.0,27065
0.0,251
0.0,8840
0.0,30340
0.0,27048
0.0,22373
0.0,17166
0.0,22331
0.0,30324
0.0,5900
0.0,37
0.0,18173
0.0,1082
0.0,2911
0.0,29812
0.0,24828
0.0,29315
1.0,22859
1.0,29747
0.0,24458
0.0,17003
0.0,652
0.0,19141
0.0,16394
0.0,27073
0.0,29814
0.0,398
0.0,25804
0.0,17928
0.0,25216
0.0,7675
0.0,28210
0.0,23593
0.0,9667
0.0,12421
0.0,9694
0.0,11882
0.0,15079
0.0,29435
0.0,15521
0.0,3273
0.0,13518
0.0,13826
0.0,12822
0.0,20314
0.0,22062
0.0,16392
0.0,9353
0.0,2401
0.0,9813
0.0,13608
0.0,23174
0.0,30288
0.0,13931
0.0,29019
0.0,25913
0.0,5489
0.0,11819
0.0,7108
0.0,9603
0.0,27128
0.0,26897
0.0,23961
0.0,21304
0.0,23416
0.0,2109
0.0,29557
0.0,22673
0.0,15045
0.0,28155
0.0,24465
0.0,15460
0.0,11660
0.0,3517
0.0,14935
0.0,9982
0.0,15614
0.0,11266
0.0,2182
0.0,8320
0.0,19410
0.0,27224
0.0,11463
0.0,20283
1.0,6190
0.0,24713
0.0,29402
0.0,4192
0.0,2162
0.0,30532
0.0,16582
0.0,15192
0.0,1701
0.0,30482
0.0,25870
0.0,23291
0.0,16336
0.0,9370
0.0,21048
1.0,4854
0.0,12017
0.0,18117
0.0,22754
0.0,25072
0.0,10284
0.0,2465
0.0,9645
0.0,27777
0.0,2653
1.0,2650
0.0,13917
0.0,28444
0.0,25499
0.0,24187
0.0,10263
0.0,3330
0.0,18913
1.0,13871
0.0,30353
0.0,6089
0.0,20068
0.0,29507
0.0,23456
0.0,9862
0.0,12745
0.0,18928
0.0,500
0.0,3047
0.0,2621
0.0,22825
1.0,2534
0.0,10425
0.0,14090
0.0,22363
0.0,15494
0.0,9067
0.0,18157
0.0,29728
0.0,2909
0.0,16321
0.0,3158
0.0,14221
0.0,8265
0.0,21844
0.0,13464
0.0,12848
0.0,27049
0.0,12779
0.0,17876
0.0,29674
0.0,242
0.0,14487
0.0,5462
0.0,27603
0.0,26690
0.0,15310
0.0,18710
0.0,25993
0.0,15572
0.0,25471
0.0,19249
0.0,5860
0.0,18093
0.0,21291
0.0,27721
0.0,28751
0.0,15195
0.0,23834
1.0,11282
1.0,19425
0.0,30287
0.0,26872
0.0,20402
0.0,1515
0.0,15069
0.0,5542
0.0,19515
0.0,14710
0.0,5390
0.0,11847
0.0,25427
0.0,23623
0.0,10702
0.0,11122
0.0,5977
0.0,13284
0.0,29793
0.0,22462
0.0,24326
0.0,29970
0.0,21404
0.0,8934
0.0,2157
0.0,21645
1.0,20540
1.0,16884
0.0,28630
0.0,12836
0.0,7262
0.0,14648
0.0,8951
0.0,5386
0.0,18480
0.0,3183
0.0,29668
0.0,19392
0.0,19966
0.0,20097
0.0,3107
0.0,7802
0.0,22138
0.0,2359
0.0,21250
0.0,23913
1.0,11223
0.0,27506
0.0,20045
0.0,9215
0.0,13842
0.0,8880
0.0,10895
0.0,26668
0.0,10569
0.0,13540
0.0,26299
1.0,19768
0.0,6355
1.0,3900
0.0,30339
0.0,919
0.0,8851
0.0,11816
0.0,12757
0.0,5822
1.0,16479
0.0,3851
0.0,13345
0.0,5446
0.0,20246
0.0,13865
0.0,11782
0.0,11738
0.0,5262
0.0,20144
1.0,25832
0.0,13448
0.0,16767
0.0,20813
0.0,6559
0.0,20236
0.0,6883
0.0,30113
1.0,13053
0.0,19405
1.0,16104
0.0,15918
0.0,29834
0.0,12951
0.0,20021
0.0,1562
0.0,29536
0.0,28789
0.0,4742
0.0,21384
0.0,19957
1.0,5928
0.0,25844
0.0,15909
0.0,17005
0.0,4110
0.0,27535
0.0,18179
0.0,18564
0.0,8756
0.0,29351
0.0,13553
0.0,16631
0.0,13173
0.0,4523
0.0,3148
1.0,276
0.0,11191
0.0,7127
0.0,11306
0.0,22710
0.0,8793
0.0,9333
0.0,20873
0.0,20349
0.0,2378
0.0,11826
0.0,2773
1.0,24913
1.0,30055
0.0,26218
0.0,17842
0.0,22358
0.0,11445
0.0,25152
1.0,635
0.0,3724
0.0,13649
0.0,28074
0.0,5431
0.0,24866
0.0,23951
0.0,21042
0.0,7455
0.0,789
0.0,9592
0.0,24403
0.0,4751
0.0,1992
0.0,19677
0.0,29369
0.0,12009
0.0,14954
0.0,7686
0.0,7589
0.0,7746
0.0,18378
0.0,11272
0.0,23125
0.0,24282
0.0,23169
0.0,1090
0.0,29203
0.0,1322
0.0,8074
0.0,3003
0.0,19136
0.0,26108
0.0,24094
0.0,16586
0.0,28820
0.0,29383
0.0,21038
0.0,30620
1.0,436
0.0,30676
0.0,18498
0.0,11177
1.0,25340
0.0,16318
1.0,464
0.0,12942
0.0,26059
0.0,17642
0.0,28614
0.0,19095
0.0,29270
1.0,30114
0.0,16136
0.0,3086
0.0,16638
0.0,6627
0.0,19872
0.0,4508
0.0,4426
1.0,21668
0.0,30097
0.0,24921
0.0,10085
0.0,1419
0.0,30040
0.0,2968
0.0,22645
0.0,25695
0.0,18279
0.0,23107
0.0,20567
0.0,9375
0.0,13613
0.0,30623
0.0,10475
0.0,17387
0.0,12879
0.0,6728
0.0,14163
0.0,16205
0.0,15408
1.0,23553
0.0,462
0.0,23435
0.0,28958
0.0,16263
0.0,1317
0.0,29559
0.0,296
0.0,21511
0.0,12738
0.0,4935
0.0,18914
0.0,25449
0.0,21459
0.0,13482
0.0,4593
0.0,14368
0.0,8258
0.0,26555
1.0,27093
0.0,19072
1.0,5976
0.0,6966
0.0,26416
0.0,20877
0.0,15323
0.0,16935
0.0,25124
0.0,5722
0.0,3707
0.0,15821
0.0,29963
0.0,19782
0.0,29404
0.0,10114
0.0,8066
0.0,4666
0.0,28249
0.0,7533
1.0,18239
0.0,7042
0.0,23662
0.0,2104
0.0,11632
0.0,8256
0.0,394
0.0,27952
0.0,13932
0.0,11213
0.0,30480
0.0,22741
0.0,15825
0.0,20199
0.0,25771
0.0,18476
0.0,30334
0.0,27585
0.0,13037
0.0,17322
1.0,3076
0.0,21838
0.0,5496
0.0,12633
0.0,131
0.0,7732
0.0,16117
1.0,6123
0.0,17904
0.0,3639
0.0,3200
0.0,7268
0.0,30148
0.0,7736
0.0,28384
0.0,28515
0.0,24381
0.0,1045
0.0,22903
1.0,21372
0.0,11753
0.0,1347
0.0,5461
0.0,19691
0.0,2256
1.0,4574
1.0,16181
0.0,822
1.0,9350
0.0,8381
0.0,14147
0.0,27229
0.0,900
0.0,22360
0.0,20162
0.0,19891
0.0,21802
0.0,27517
0.0,29755
0.0,25531
0.0,23861
0.0,20534
0.0,23491
0.0,5440
0.0,29695
0.0,14198
0.0,26895
0.0,23775
0.0,24881
0.0,1519
1.0,11058
0.0,29449
0.0,24097
0.0,3482
0.0,18296
0.0,6392
0.0,30693
0.0,27687
0.0,22161
0.0,10022
0.0,15292
0.0,14726
0.0,14916
1.0,14809
0.0,4476
0.0,9996
0.0,6818
0.0,19441
0.0,5074
0.0,17492
0.0,12604
0.0,29240
0.0,22990
0.0,13369
0.0,25334
0.0,3227
1.0,26017
0.0,8612
0.0,16816
0.0,27563
0.0,28845
0.0,15664
0.0,29581
0.0,25689
0.0,21977
0.0,8406
0.0,21073
0.0,24783
0.0,29956
0.0,8180
0.0,21443
0.0,23646
0.0,21480
0.0,16914
0.0,8519
0.0,20265
0.0,10947
0.0,16964
0.0,18299
0.0,8054
0.0,25504
0.0,29739
0.0,29113
0.0,16957
0.0,5267
0.0,6667
0.0,3617
0.0,11733
0.0,11841
0.0,24931
0.0,2482
0.0,2770
0.0,3978
0.0,3985
0.0,21518
0.0,27906
0.0,17454
0.0,1679
0.0,19598
0.0,6225
1.0,7000
0.0,21441
1.0,4858
0.0,14834
0.0,7990
0.0,8178
0.0,13236
0.0,8867
0.0,13964
0.0,12900
0.0,8010
0.0,8
0.0,5062
0.0,20621
0.0,14118
0.0,27530
0.0,13228
0.0,21589
0.0,10557
0.0,4970
0.0,15422
0.0,6134
0.0,4517
0.0,12787
0.0,10482
0.0,17048
0.0,2815
0.0,28881
0.0,1272
0.0,4663
0.0,27193
0.0,6699
0.0,5723
0.0,26193
0.0,15627
0.0,15191
0.0,6332
0.0,15577
0.0,5276
0.0,18868
0.0,21893
0.0,8692
0.0,14347
0.0,4145
0.0,23512
0.0,224
0.0,7642
0.0,21044
1.0,10581
0.0,29191
0.0,14402
0.0,12329
0.0,9474
0.0,11683
0.0,15270
1.0,4952
0.0,10775
0.0,12720
0.0,18941
0.0,22924
0.0,3623
0.0,26241
0.0,701
0.0,20640
0.0,20614
0.0,21791
0.0,13862
0.0,18229
0.0,4701
0.0,2380
0.0,4776
0.0,4414
0.0,25065
0.0,13920
0.0,1091
0.0,19761
0.0,17117
1.0,2447
0.0,23881
1.0,18861
1.0,18369
0.0,26966
0.0,17623
0.0,13376
0.0,8533
0.0,22667
0.0,14196
0.0,14670
0.0,9859
0.0,7054
0.0,19938
0.0,4828
0.0,28538
0.0,7605
0.0,16647
1.0,1071
0.0,22151
0.0,6897
0.0,20152
0.0,2147
0.0,1584
0.0,4069
0.0,30449
0.0,29025
0.0,6722
0.0,22399
0.0,6298
0.0,9939
0.0,20471
0.0,5211
0.0,15735
0.0,27316
0.0,22464
0.0,12856
0.0,10204
0.0,12273
0.0,29341
0.0,17756
0.0,1835
0.0,9763
0.0,14319
0.0,17587
0.0,6674
0.0,23715
0.0,14312
1.0,25145
0.0,9280
0.0,149
0.0,9343
0.0,7211
0.0,5250
0.0,23083
0.0,20344
0.0,3235
0.0,12250
0.0,17733
0.0,23675
0.0,12721
0.0,8123
0.0,4739
0.0,8001
0.0,24344
0.0,30608
0.0,18360
0.0,23025
0.0,3443
0.0,28487
1.0,27064
0.0,25656
0.0,7144
1.0,28300
0.0,8382
0.0,2242
0.0,30160
0.0,21261
0.0,19943
1.0,17259
0.0,25586
0.0,16896
1.0,3166
0.0,9348
0.0,22739
0.0,28337
0.0,6610
0.0,27919
0.0,5191
1.0,9204
0.0,24304
0.0,27941
0.0,4567
0.0,23233
0.0,16441
0.0,4059
0.0,4726
0.0,9164
0.0,15596
0.0,24868
0.0,19388
0.0,8739
0.0,15862
0.0,10130
0.0,29520
1.0,15633
0.0,2605
0.0,5193
0.0,23238
0.0,29662
0.0,13818
0.0,15500
0.0,2486
0.0,11171
0.0,30464
0.0,16242
0.0,30615
0.0,22692
0.0,29765
0.0,27218
0.0,23744
0.0,520
0.0,11656
0.0,26919
0.0,6090
0.0,21912
0.0,4631
0.0,10046
0.0,8435
0.0,19401
0.0,14069
0.0,5773
0.0,21376
0.0,26282
1.0,28119
0.0,14947
0.0,15982
0.0,4448
1.0,24521
0.0,9852
0.0,24949
0.0,12052
0.0,16504
1.0,23590
0.0,17368
0.0,16319
0.0,21898
0.0,23434
0.0,12841
0.0,19308
0.0,24177
0.0,4128
0.0,10362
0.0,8322
1.0,3950
0.0,29200
0.0,6492
0.0,11293
0.0,23549
0.0,23747
0.0,27525
0.0,9883
0.0,6162
0.0,28943
1.0,5204
0.0,17528
0.0,5041
0.0,17363
0.0,14050
0.0,10333
0.0,10209
0.0,24950
0.0,1087
0.0,24811
0.0,2550
0.0,4248
0.0,588
0.0,7983
0.0,27683
0.0,4297
0.0,22506
0.0,11742
0.0,7567
0.0,13163
0.0,23284
0.0,12517
1.0,859
0.0,14719
0.0,12820
0.0,14961
0.0,29667
0.0,11037
0.0,7807
0.0,7350
0.0,15806
0.0,29097
0.0,4901
0.0,992
0.0,30192
0.0,29635
1.0,23465
0.0,23521
0.0,776
0.0,25120
0.0,16233
0.0,4937
0.0,23277
0.0,27220
0.0,21019
0.0,18938
0.0,15049
0.0,10157
0.0,22319
1.0,17843
0.0,21046
0.0,30332
0.0,28779
0.0,19670
0.0,11291
0.0,16856
0.0,27545
0.0,16303
0.0,8729
0.0,23647
0.0,222
1.0,8116
0.0,18975
0.0,16054
0.0,21197
0.0,6955
0.0,26534
0.0,625
0.0,27485
0.0,21081
0.0,12203
1.0,29740
0.0,7563
0.0,23195
0.0,17294
0.0,26192
0.0,2957
0.0,13315
0.0,19189
0.0,29194
0.0,15568
0.0,11627
0.0,26538
0.0,17513
0.0,17382
0.0,11860
0.0,19424
1.0,13083
1.0,9387
0.0,18898
0.0,25707
0.0,30096
0.0,808
0.0,11995
0.0,11233
0.0,16775
0.0,18810
0.0,1580
0.0,19689
0.0,18921
0.0,13339
0.0,4632
0.0,6938
0.0,29367
0.0,12760
1.0,25044
0.0,8636
1.0,24221
0.0,7284
0.0,5265
0.0,29644
0.0,29866
1.0,10285
1.0,29920
0.0,3264
0.0,28313
0.0,8360
0.0,4719
0.0,27886
0.0,8048
0.0,4904
1.0,15863
0.0,7768
0.0,15331
0.0,8802
0.0,3043
0.0,8529
0.0,22957
1.0,25606
0.0,7312
0.0,6276
0.0,14984
0.0,19357
0.0,25290
0.0,16273
0.0,9488
1.0,27630
0.0,24586
0.0,19365
0.0,28643
0.0,1471
0.0,28181
0.0,6895
0.0,29547
0.0,29228
0.0,20681
0.0,6032
0.0,28091
0.0,15630
0.0,9876
0.0,14136
0.0,10006
0.0,1512
0.0,16053
0.0,8664
0.0,12799
1.0,9417
0.0,26573
0.0,20802
0.0,22863
0.0,26836
1.0,20087
0.0,6570
0.0,5604
0.0,20128
0.0,21279
0.0,24461
0.0,15807
0.0,23104
0.0,309
0.0,10971
0.0,22007
0.0,9905
0.0,24274
0.0,6656
0.0,17687
0.0,1978
0.0,15113
0.0,1226
0.0,13887
0.0,16556
0.0,27010
0.0,7835
0.0,23154
0.0,13021
0.0,8340
0.0,27179
0.0,13064
0.0,7328
0.0,5755
0.0,7674
0.0,20573
0.0,14039
0.0,17739
0.0,28522
1.0,4875
0.0,20832
0.0,10865
0.0,3375
0.0,9264
0.0,20568
0.0,7569
0.0,29168
0.0,17586
0.0,27446
0.0,27664
0.0,19317
0.0,24056
1.0,28276
0.0,4942
0.0,8575
0.0,928
0.0,13498
0.0,2191
0.0,26780
0.0,1802
0.0,15464
0.0,23679
1.0,702
0.0,20514
0.0,14482
0.0,11961
0.0,30280
0.0,12188
0.0,1755
1.0,3176
1.0,12627
0.0,6529
0.0,29387
0.0,8859
0.0,7689
0.0,15352
0.0,25737
0.0,16132
1.0,14153
0.0,16354
0.0,12667
0.0,7087
0.0,7818
0.0,18000
0.0,15797
0.0,24549
0.0,15990
0.0,3975
0.0,26987
0.0,12650
0.0,17800
0.0,4038
0.0,9844
1.0,24796
0.0,8668
1.0,18770
0.0,2346
0.0,2835
0.0,13141
0.0,14998
0.0,1422
0.0,8316
0.0,8083
0.0,6740
0.0,29394
0.0,23598
1.0,19587
0.0,4801
0.0,1845
0.0,28843
0.0,15919
0.0,22687
0.0,29516
0.0,22092
0.0,5048
0.0,18720
0.0,104
0.0,10879
0.0,28393
0.0,17269
0.0,7431
0.0,6482
0.0,26889
0.0,1569
0.0,12925
0.0,19893
0.0,16114
0.0,9579
0.0,20346
0.0,22094
0.0,4405
0.0,1649
0.0,3642
0.0,14815
1.0,8370
0.0,9690
0.0,7449
1.0,22103
0.0,28514
0.0,22948
0.0,835
0.0,22431
0.0,8780
0.0,4173
0.0,2110
0.0,14022
0.0,12479
0.0,19566
1.0,27079
0.0,16356
1.0,23875
0.0,1195
0.0,20651
0.0,12097
0.0,13411
1.0,30330
0.0,21639
0.0,2198
0.0,28951
0.0,8065
0.0,5680
0.0,8100
1.0,15645
0.0,22840
0.0,9116
0.0,25762
0.0,1604
0.0,29832
0.0,28232
0.0,6323
0.0,28192
0.0,11599
0.0,2019
1.0,18888
0.0,13096
1.0,279
0.0,9646
0.0,9885
1.0,3938
0.0,23131
0.0,23
0.0,26853
0.0,30327
0.0,24078
0.0,27591
1.0,19109
0.0,25357
0.0,7230
0.0,11139
0.0,27187
0.0,15366
0.0,15755
0.0,16248
0.0,26208
0.0,18910
0.0,19772
0.0,18697
0.0,29673
0.0,1313
0.0,4778
0.0,2527
0.0,1253
0.0,29633
0.0,29201
0.0,17810
0.0,21804
0.0,14010
0.0,4229
0.0,645
0.0,10492
0.0,27459
0.0,29125
0.0,15396
0.0,12674
0.0,23644
1.0,2577
0.0,20375
0.0,17910
1.0,29127
0.0,26253
0.0,24253
0.0,16803
0.0,7168
0.0,27581
0.0,5869
0.0,4638
0.0,19174
1.0,439
1.0,2595
0.0,16676
0.0,15341
0.0,6931
0.0,21748
0.0,18553
0.0,22145
0.0,28383
0.0,21805
0.0,1325
0.0,16377
0.0,6047
0.0,3474
0.0,1625
1.0,12602
0.0,21086
0.0,16529
1.0,30437
1.0,1972
0.0,12511
0.0,12941
0.0,29738
0.0,16088
0.0,23932
1.0,3417
0.0,28734
0.0,14268
0.0,22679
0.0,26199
0.0,2977
0.0,9713
0.0,10703
1.0,3842
0.0,10013
0.0,12801
0.0,25259
1.0,4890
0.0,10835
0.0,21064
0.0,6754
0.0,1104
0.0,27769
0.0,8000
0.0,24433
0.0,18876
0.0,25049
0.0,1329
0.0,2809
0.0,24178
0.0,27872
1.0,14794
0.0,22336
0.0,12021
0.0,3303
1.0,3162
0.0,30682
0.0,5154
0.0,7073
0.0,9154
1.0,1009
0.0,30596
0.0,10820
0.0,4115
0.0,25386
0.0,29681
0.0,23489
0.0,29163
0.0,17028
0.0,11285
0.0,7940
0.0,9609
0.0,9283
0.0,11794
0.0,8488
0.0,19546
1.0,29137
0.0,6939
0.0,20545
0.0,571
0.0,15098
0.0,13620
0.0,28171
0.0,12759
0.0,23001
0.0,22993
0.0,4250
0.0,7417
0.0,29232
0.0,14377
0.0,14264
0.0,5922
0.0,3515
0.0,20791
0.0,16845
1.0,9527
0.0,3764
0.0,28968
0.0,5801
0.0,5387
1.0,6799
0.0,20680
0.0,11154
0.0,6753
0.0,25406
0.0,22213
0.0,10961
1.0,20629
0.0,11148
1.0,25003
0.0,11232
0.0,29100
0.0,3859
0.0,16285
0.0,5180
0.0,17894
0.0,24022
0.0,22916
0.0,8702
1.0,10261
0.0,10340
0.0,10758
0.0,15856
1.0,1426
0.0,9191
0.0,10389
0.0,15482
0.0,18503
0.0,28365
0.0,28816
0.0,24830
0.0,27863
1.0,11827
0.0,28610
0.0,26912
0.0,8677
0.0,28851
0.0,21223
0.0,4331
0.0,3725
0.0,22691
0.0,16007
0.0,12675
0.0,13557
0.0,15790
0.0,24625
0.0,28894
0.0,24725
0.0,18241
0.0,22057
0.0,16163
0.0,3741
0.0,27711
0.0,13736
0.0,13529
0.0,25086
0.0,22372
0.0,3274
0.0,11244
0.0,19641
0.0,17151
0.0,14925
0.0,7332
0.0,15172
0.0,27631
0.0,21295
0.0,4356
0.0,5963
0.0,30405
0.0,22285
0.0,9698
0.0,15512
0.0,27319
0.0,26289
0.0,10372
0.0,11237
0.0,5287
0.0,4817
0.0,10288
0.0,20201
0.0,10893
0.0,24726
0.0,5288
1.0,5009
0.0,15511
0.0,27614
0.0,17980
0.0,20421
0.0,20089
0.0,29954
0.0,1822
0.0,1800
0.0,4963
0.0,1966
0.0,12147
0.0,20090
0.0,17795
0.0,19166
0.0,26715
0.0,3776
0.0,6334
0.0,7701
0.0,20412
0.0,15032
0.0,18486
0.0,19744
0.0,14102
0.0,13985
0.0,20435
0.0,6424
0.0,22994
0.0,27560
1.0,30026
0.0,27328
0.0,25425
0.0,3326
1.0,12771
0.0,29045
0.0,21929
0.0,3968
0.0,25885
0.0,22634
0.0,6899
0.0,28934
0.0,1514
0.0,19690
0.0,731
0.0,21699
0.0,17499
0.0,22669
0.0,8404
1.0,9169
0.0,21574
0.0,4468
1.0,6423
0.0,7037
0.0,18714
0.0,2789
0.0,27735
0.0,23097
0.0,26567
0.0,13978
0.0,28434
0.0,15430
0.0,13502
0.0,18696
0.0,16130
0.0,1708
0.0,557
0.0,28603
0.0,12739
1.0,5
1.0,5148
0.0,15784
0.0,12427
1.0,13199
0.0,17909
0.0,2205
0.0,25823
0.0,9341
0.0,12326
0.0,24063
0.0,2902
0.0,21061
0.0,3441
0.0,23351
0.0,12078
0.0,395
0.0,11385
1.0,13645
0.0,26616
0.0,26954
0.0,15665
0.0,9347
0.0,13906
0.0,23709
0.0,24754
0.0,22743
0.0,13352
0.0,17254
0.0,21336
0.0,17865
0.0,7021
0.0,21034
0.0,15636
0.0,22693
0.0,1144
0.0,20377
0.0,3865
0.0,1362
0.0,5467
0.0,24788
0.0,3484
0.0,29273
0.0,20450
0.0,11771
0.0,21950
0.0,20260
0.0,13905
1.0,13886
0.0,27151
0.0,21040
0.0,14342
0.0,28007
0.0,9542
0.0,10365
0.0,7478
1.0,22690
0.0,25589
0.0,7843
0.0,30338
0.0,6882
0.0,11161
0.0,10490
0.0,27352
0.0,21737
1.0,15599
0.0,28544
0.0,28792
0.0,29539
0.0,14386
0.0,28191
0.0,20630
0.0,16326
1.0,5125
0.0,2664
0.0,23003
0.0,12566
0.0,13024
0.0,810
0.0,6497
0.0,30001
0.0,27456
0.0,13433
0.0,18135
0.0,29857
0.0,28901
0.0,2690
0.0,26387
0.0,29264
0.0,13568
0.0,5095
0.0,10907
0.0,7067
0.0,9171
0.0,24091
0.0,19605
0.0,21875
0.0,5705
0.0,15301
0.0,6257
0.0,10743
0.0,28033
0.0,30695
0.0,18164
0.0,28381
0.0,19248
0.0,13474
1.0,23611
0.0,25749
0.0,27987
0.0,1188
0.0,16959
0.0,831
0.0,6927
0.0,8781
0.0,317
0.0,20931
0.0,11137
0.0,15134
0.0,12385
0.0,10646
0.0,9018
0.0,367
1.0,2123
0.0,13224
0.0,19238
0.0,23136
0.0,4807
1.0,26480
0.0,7419
0.0,29955
0.0,18478
0.0,1105
0.0,7679
0.0,25110
0.0,19461
0.0,10578
1.0,155
0.0,21359
0.0,507
0.0,4423
0.0,5711
0.0,14155
0.0,29202
0.0,2536
0.0,18373
0.0,21240
0.0,23304
0.0,20963
0.0,27729
0.0,25528
0.0,2412
0.0,19463
0.0,25291
0.0,10552
0.0,26800
0.0,24122
0.0,14333
0.0,9305
0.0,2540
0.0,20559
0.0,2040
0.0,10573
0.0,24414
0.0,23953
0.0,22465
0.0,693
0.0,18894
0.0,14680
0.0,18855
0.0,5917
0.0,17038
0.0,12957
0.0,8211
0.0,22835
0.0,29753
0.0,13302
0.0,4289
0.0,25848
0.0,10469
0.0,2336
0.0,2221
0.0,25930
0.0,14077
1.0,6603
0.0,6544
0.0,23289
0.0,6256
0.0,27308
0.0,29443
0.0,6841
0.0,3194
0.0,10513
0.0,27270
0.0,28193
0.0,10836
0.0,12707
1.0,10780
1.0,8899
0.0,15424
0.0,4408
0.0,29161
0.0,30517
0.0,18238
0.0,28607
0.0,7432
0.0,19347
1.0,5380
0.0,23892
0.0,14132
0.0,1886
0.0,23444
0.0,17190
0.0,30128
0.0,4488
0.0,29876
0.0,5690
0.0,3299
0.0,6499
0.0,28321
0.0,13517
0.0,27973
0.0,26869
0.0,11746
0.0,29453
0.0,12148
0.0,4099
0.0,8407
0.0,2050
1.0,23849
0.0,30094
1.0,21785
0.0,3516
0.0,28616
0.0,7997
0.0,19396
0.0,24597
1.0,1727
1.0,1080
0.0,13036
0.0,28295
0.0,29511
0.0,30283
0.0,15402
0.0,9562
0.0,28077
0.0,342
0.0,13521
0.0,28060
0.0,14383
0.0,27809
0.0,2295
0.0,1884
0.0,23129
1.0,14566
0.0,21841
0.0,4961
0.0,18610
0.0,24425
0.0,27672
0.0,724
0.0,12834
0.0,13195
0.0,8715
0.0,5571
0.0,7186
0.0,13524
0.0,15608
0.0,2085
0.0,16930
0.0,19586
1.0,8704
0.0,9083
0.0,25995
0.0,17923
0.0,4921
0.0,15946
0.0,25351
0.0,16960
0.0,27457
1.0,1525
0.0,24239
0.0,21742
0.0,8016
0.0,18939
0.0,23282
0.0,4794
0.0,14514
0.0,1712
0.0,25175
0.0,19847
0.0,6786
0.0,993
0.0,14971
1.0,23915
0.0,29439
0.0,14674
0.0,26353
0.0,5887
0.0,15103
0.0,6944
1.0,5212
0.0,26264
0.0,17506
1.0,23453
0.0,9614
0.0,21135
0.0,9239
0.0,29679
0.0,19111
0.0,9960
1.0,5057
0.0,10572
0.0,14833
0.0,30224
0.0,17438
0.0,5023
0.0,10262
0.0,14899
0.0,25925
0.0,29652
0.0,11258
0.0,21837
0.0,26770
0.0,16487
0.0,25519
0.0,1885
0.0,20015
0.0,18156
0.0,9440
0.0,28407
0.0,14044
0.0,18306
0.0,8471
0.0,2529
0.0,2180
0.0,27808
1.0,12866
0.0,27867
0.0,519
0.0,9721
1.0,8164
0.0,16944
0.0,24912
0.0,18844
0.0,1451
0.0,19899
0.0,4840
0.0,12063
0.0,16478
0.0,12697
0.0,25010
0.0,3416
0.0,20775
0.0,17410
0.0,27986
0.0,16243
0.0,11874
0.0,18813
1.0,26583
0.0,24394
0.0,8943
0.0,2213
0.0,18200
0.0,18319
0.0,1156
1.0,26330
0.0,9185
0.0,5867
0.0,11972
0.0,23267
0.0,21513
0.0,15217
0.0,19387
0.0,8413
0.0,10881
0.0,12578
0.0,27278
0.0,3440
0.0,10616
0.0,1524
0.0,7011
0.0,6290
0.0,25614
0.0,18421
0.0,6530
0.0,3833
1.0,6085
0.0,11575
0.0,12935
0.0,26951
0.0,13010
0.0,24213
0.0,12208
0.0,19890
0.0,18374
1.0,6129
0.0,3401
0.0,18246
0.0,2045
0.0,29036
0.0,13001
0.0,18516
0.0,28937
0.0,8688
0.0,9056
0.0,20911
0.0,21333
0.0,10090
0.0,26499
0.0,10291
0.0,23495
0.0,9031
0.0,6504
0.0,28257
0.0,12522
0.0,15000
0.0,12618
0.0,21890
0.0,16539
0.0,21559
0.0,21869
0.0,15146
0.0,12239
0.0,2718
0.0,20409
0.0,22965
0.0,21053
0.0,11153
0.0,8705
0.0,5746
0.0,26772
0.0,8980
1.0,27291
0.0,14031
0.0,16196
0.0,13217
0.0,8489
0.0,11243
1.0,4015
0.0,10756
0.0,19534
0.0,5282
0.0,13880
1.0,22297
0.0,1484
0.0,8563
0.0,24939
0.0,4132
0.0,9845
1.0,12341
0.0,20502
0.0,4552
0.0,22324
0.0,7710
0.0,4107
0.0,28839
0.0,22359
0.0,25662
0.0,19253
0.0,28441
0.0,15359
0.0,2863
0.0,8312
0.0,7266
0.0,28959
0.0,23905
0.0,6762
0.0,18528
0.0,9329
0.0,24302
0.0,22201
0.0,17517
0.0,6671
1.0,10873
0.0,1330
1.0,21718
0.0,30525
0.0,27993
0.0,3319
0.0,19070
0.0,1711
0.0,29281
0.0,18842
1.0,4068
1.0,1363
0.0,20695
0.0,13362
0.0,26117
0.0,2389
0.0,30349
0.0,12608
1.0,23738
0.0,23921
1.0,26110
0.0,915
0.0,5064
0.0,11628
0.0,29660
0.0,23702
0.0,4309
1.0,3023
0.0,17229
0.0,1647
0.0,2913
0.0,21771
0.0,2394
0.0,25637
0.0,6911
0.0,3365
1.0,19545
0.0,11524
0.0,3338
0.0,15590
0.0,25516
0.0,7434
0.0,9900
0.0,4482
0.0,6399
0.0,21631
0.0,4321
0.0,24500
0.0,5998
0.0,9286
1.0,966
0.0,3823
0.0,7812
0.0,17514
0.0,21249
0.0,4151
1.0,380
0.0,16690
0.0,11186
0.0,9983
0.0,18815
0.0,8086
0.0,6474
0.0,12556
0.0,3728
0.0,23657
0.0,694
0.0,9858
0.0,26590
0.0,12201
0.0,15972
0.0,21154
0.0,13453
0.0,23901
0.0,30537
1.0,23817
0.0,11016
0.0,13294
0.0,25041
0.0,28602
0.0,10159
0.0,1829
0.0,21374
0.0,24258
0.0,29983
0.0,4956
0.0,2357
0.0,455
0.0,17490
0.0,18653
0.0,16039
0.0,22784
0.0,23823
0.0,16521
0.0,18703
0.0,7907
0.0,17247
0.0,5079
0.0,10779
0.0,16967
1.0,2575
0.0,2628
0.0,1204
0.0,28088
0.0,3119
0.0,13631
0.0,20038
0.0,5061
0.0,20845
0.0,14728
0.0,10949
0.0,949
0.0,22708
0.0,25709
0.0,8869
0.0,2743
0.0,15130
0.0,29570
1.0,6126
0.0,8615
0.0,25187
0.0,12654
0.0,14655
0.0,10310
0.0,32
0.0,22453
0.0,19469
1.0,10463
0.0,20472
0.0,17552
0.0,28364
0.0,8185
0.0,17097
0.0,30511
0.0,24572
0.0,20637
0.0,1554
0.0,27408
0.0,7770
0.0,17462
0.0,23369
0.0,22396
0.0,23007
0.0,21630
0.0,15173
0.0,7134
1.0,20784
0.0,18990
0.0,28092
0.0,25856
0.0,127
0.0,4358
0.0,3404
1.0,7922
0.0,9311
0.0,27915
0.0,3292
0.0,3679
0.0,11884
0.0,4905
0.0,22845
0.0,4395
0.0,23494
0.0,29421
0.0,4787
0.0,795
0.0,9866
0.0,1767
0.0,16749
0.0,1070
0.0,16304
0.0,9078
0.0,6945
0.0,7722
0.0,1030
0.0,21478
0.0,15162
0.0,16073
1.0,29584
1.0,7421
0.0,7861
0.0,8707
0.0,5842
0.0,19616
0.0,30420
0.0,19673
0.0,25257
0.0,27505
0.0,19321
0.0,27206
0.0,23538
0.0,9807
0.0,10402
0.0,15223
0.0,29408
0.0,25587
0.0,12486
0.0,2778
0.0,19083
0.0,17999
0.0,29227
0.0,24575
0.0,17688
0.0,22702
0.0,16600
0.0,20870
0.0,21214
1.0,10654
1.0,12693
0.0,6685
1.0,15096
0.0,23687
0.0,7032
0.0,20642
0.0,22341
1.0,14629
0.0,22391
0.0,18311
0.0,17602
0.0,8764
0.0,20441
1.0,6485
0.0,13319
0.0,16617
0.0,644
0.0,16465
0.0,25954
0.0,17157
0.0,13139
0.0,21450
0.0,8111
0.0,21989
0.0,29646
1.0,24742
0.0,28009
0.0,14516
0.0,25923
0.0,5915
0.0,28986
0.0,17666
0.0,21795
0.0,18461
0.0,20860
0.0,3241
0.0,15374
0.0,6920
0.0,16162
0.0,5137
0.0,8828
1.0,11034
0.0,14001
0.0,4035
0.0,22604
0.0,11275
0.0,14558
0.0,23285
0.0,28491
0.0,8242
0.0,14890
0.0,16093
0.0,7852
0.0,7171
0.0,23920
0.0,20974
0.0,18678
0.0,20824
1.0,4043
0.0,18225
0.0,4992
0.0,8136
1.0,25042
0.0,13150
0.0,29175
0.0,2285
0.0,3239
0.0,18717
0.0,18174
0.0,30030
0.0,2900
1.0,8812
0.0,156
0.0,26429
0.0,13470
0.0,30259
0.0,18525
0.0,7984
1.0,9709
0.0,5807
0.0,7406
0.0,14743
0.0,13126
0.0,24901
0.0,22104
0.0,28568
0.0,6819
0.0,22426
0.0,7250
0.0,620
0.0,414
0.0,13698
0.0,1621
0.0,14740
0.0,13968
0.0,11546
0.0,11115
0.0,18003
0.0,15176
0.0,5856
0.0,2159
0.0,12805
0.0,14430
0.0,22862
0.0,23488
0.0,26477
0.0,15412
0.0,17418
0.0,16133
0.0,11731
0.0,7751
0.0,30025
1.0,16971
0.0,27141
0.0,17919
0.0,16022
0.0,6611
0.0,1175
1.0,9386
0.0,11590
0.0,23260
0.0,5815
0.0,23445
0.0,13609
0.0,9941
0.0,28150
0.0,16779
0.0,13461
0.0,7241
0.0,2492
0.0,18958
0.0,17560
1.0,13097
0.0,14233
0.0,26058
0.0,15490
1.0,163
0.0,12430
0.0,26935
0.0,27608
0.0,22395
0.0,1137
0.0,23110
0.0,23070
0.0,14656
0.0,12960
0.0,16345
0.0,24236
0.0,29544
0.0,23170
0.0,15035
0.0,5269
0.0,7656
1.0,7639
0.0,11981
0.0,19156
0.0,13382
1.0,20728
0.0,29713
0.0,18552
0.0,10886
0.0,22909
0.0,18155
0.0,11170
0.0,16727
0.0,20240
0.0,25972
0.0,25237
0.0,10825
0.0,20897
0.0,9731
0.0,19828
0.0,29432
0.0,12695
0.0,27542
0.0,4416
0.0,28693
0.0,29842
0.0,3061
0.0,18064
0.0,23185
0.0,30216
0.0,2026
0.0,30625
0.0,23230
0.0,11727
1.0,22175
0.0,6147
0.0,19311
1.0,25915
0.0,25889
0.0,9491
0.0,5729
0.0,4686
0.0,13896
0.0,28726
0.0,20696
0.0,14113
0.0,2596
0.0,29887
0.0,6785
1.0,9610
0.0,4844
0.0,23151
0.0,16055
0.0,27492
0.0,22735
1.0,28344
0.0,3588
0.0,16629
0.0,3598
1.0,15522
0.0,20359
0.0,26903
1.0,17925
0.0,20042
0.0,29318
0.0,356
0.0,6602
0.0,19035
0.0,353
1.0,1560
0.0,556
0.0,1793
0.0,9724
0.0,13946
0.0,30167
0.0,6194
0.0,26438
0.0,18853
0.0,18170
0.0,20210
0.0,28438
0.0,14965
0.0,8557
0.0,21636
0.0,5449
0.0,13873
0.0,6483
0.0,28885
0.0,11025
0.0,23947
0.0,13739
0.0,28826
0.0,28286
0.0,18992
0.0,28429
0.0,792
1.0,14870
1.0,24454
1.0,11407
0.0,17414
0.0,15080
0.0,10331
0.0,19097
0.0,13286
0.0,29549
0.0,26012
0.0,1152
0.0,20229
0.0,21423
0.0,5486
0.0,18055
0.0,11160
0.0,11844
0.0,15370
0.0,2219
0.0,3369
0.0,4432
0.0,4948
0.0,27851
0.0,1548
0.0,30115
0.0,7654
1.0,30570
0.0,29604
0.0,15027
0.0,8125
0.0,6518
0.0,2324
0.0,15826
0.0,24523
0.0,17432
0.0,26794
0.0,8246
0.0,13803
0.0,10378
0.0,2880
0.0,4804
0.0,22123
0.0,16432
0.0,4939
0.0,21766
0.0,430
0.0,12044
1.0,914
0.0,22812
0.0,18204
0.0,28855
1.0,19103
0.0,22542
0.0,25890
0.0,20214
0.0,17783
0.0,10352
0.0,14991
0.0,4537
0.0,9029
0.0,13238
0.0,16213
0.0,25473
0.0,6264
0.0,24070
0.0,20489
0.0,14183
0.0,29940
0.0,4861
0.0,20991
0.0,7486
0.0,9984
0.0,14078
0.0,8283
0.0,16836
0.0,15335
0.0,21056
0.0,22921
0.0,22841
0.0,1393
0.0,22988
0.0,5113
0.0,4586
0.0,29515
0.0,10184
0.0,23954
0.0,15869
0.0,24132
0.0,12472
0.0,1058
0.0,13075
1.0,25958
0.0,9669
0.0,14563
0.0,5436
0.0,11461
0.0,16785
0.0,7724
0.0,4198
0.0,24272
0.0,10832
0.0,13465
0.0,3269
0.0,21935
0.0,5094
0.0,21462
0.0,25493
0.0,30412
0.0,2765
0.0,24732
0.0,14443
0.0,28443
0.0,28549
0.0,17812
0.0,19055
0.0,24936
0.0,3544
0.0,7870
0.0,2430
0.0,20274
0.0,27473
0.0,5552
0.0,26124
0.0,15400
0.0,27528
0.0,10778
0.0,220
0.0,4673
0.0,21132
0.0,19236
0.0,13364
0.0,16483
0.0,764
0.0,10343
1.0,23882
0.0,5642
0.0,18804
0.0,22537
0.0,2362
1.0,17331
0.0,29452
0.0,29406
0.0,19415
1.0,28519
0.0,18017
0.0,23554
0.0,499
0.0,13225
0.0,28700
1.0,1876
0.0,11867
1.0,22819
0.0,27340
0.0,16543
0.0,11920
0.0,10370
0.0,30106
0.0,7354
0.0,1285
0.0,24697
1.0,16846
0.0,23425
0.0,3389
0.0,8646
0.0,18632
0.0,8969
0.0,13162
0.0,14863
0.0,12103
1.0,9889
0.0,824
0.0,22228
1.0,2276
0.0,16121
0.0,6896
0.0,26378
0.0,13009
0.0,917
0.0,12129
0.0,27099
0.0,21952
0.0,14159
0.0,43
0.0,9878
0.0,21745
0.0,3839
0.0,2092
0.0,684
0.0,29655
0.0,8816
0.0,22415
0.0,3362
0.0,11278
0.0,22949
0.0,16721
0.0,4539
0.0,13049
0.0,14074
0.0,30162
0.0,4727
0.0,25792
0.0,95
0.0,16226
0.0,15381
0.0,5396
1.0,2952
0.0,15515
0.0,7283
0.0,8174
0.0,4264
0.0,22659
0.0,6935
0.0,5213
0.0,25039
1.0,20512
0.0,23308
0.0,25524
0.0,12887
0.0,6663
0.0,517
0.0,26891
0.0,16627
0.0,22361
0.0,13349
0.0,6347
0.0,9074
0.0,23436
1.0,6157
0.0,25895
0.0,29426
0.0,18901
0.0,2456
0.0,26916
0.0,24423
0.0,7277
0.0,2471
0.0,6021
0.0,5952
1.0,8634
0.0,17603
0.0,22545
0.0,11036
0.0,6890
0.0,23633
0.0,6086
1.0,16206
0.0,7636
1.0,18629
0.0,12283
0.0,27098
0.0,18275
0.0,20993
0.0,15678
0.0,18427
1.0,3102
0.0,12863
0.0,5522
0.0,10804
0.0,7156
0.0,10441
0.0,19840
0.0,2138
0.0,15743
0.0,27985
0.0,6666
0.0,999
0.0,5189
0.0,19142
0.0,1735
0.0,18024
0.0,5077
0.0,11624
0.0,26632
0.0,27889
0.0,15099
0.0,13177
0.0,10436
0.0,12291
0.0,5531
0.0,2931
1.0,13112
0.0,2273
0.0,4899
0.0,25371
1.0,22551
1.0,9752
0.0,5756
0.0,21676
0.0,20074
0.0,20474
0.0,11250
0.0,30547
0.0,252
0.0,9199
0.0,25897
0.0,13070
0.0,11850
0.0,22018
0.0,21697
1.0,17504
1.0,20433
0.0,29010
0.0,21736
0.0,17312
0.0,2587
0.0,5555
0.0,18328
0.0,12880
0.0,20113
0.0,12986
1.0,7530
0.0,10862
0.0,15780
0.0,28628
0.0,3070
1.0,1173
0.0,21783
1.0,30032
0.0,18323
0.0,17911
0.0,11297
0.0,20828
0.0,30616
0.0,17792
0.0,4348
0.0,1557
0.0,23021
0.0,11128
0.0,4774
0.0,17938
0.0,19082
0.0,19246
0.0,30302
0.0,26666
0.0,15272
0.0,7215
0.0,30458
0.0,24880
0.0,11267
0.0,15047
0.0,26874
1.0,26421
0.0,17314
0.0,16225
0.0,13872
0.0,10795
0.0,8893
0.0,386
0.0,17376
0.0,89
0.0,26140
0.0,24681
0.0,791
0.0,19988
0.0,9648
1.0,24159
0.0,5470
0.0,5076
1.0,3652
0.0,4805
0.0,9150
0.0,2299
0.0,27654
0.0,24526
0.0,8730
0.0,10574
0.0,25647
0.0,17141
0.0,17449
1.0,12725
0.0,9120
0.0,4174
0.0,22925
0.0,26155
0.0,23625
0.0,27825
0.0,28451
0.0,23121
1.0,26535
1.0,27069
0.0,13353
0.0,174
0.0,15686
0.0,11657
0.0,13949
0.0,7213
0.0,30203
0.0,12191
0.0,9261
0.0,2384
0.0,22550
0.0,18612
0.0,13778
0.0,30056
0.0,4485
1.0,14302
0.0,11887
0.0,28566
0.0,9929
0.0,28377
1.0,24925
1.0,2659
0.0,6210
0.0,24955
0.0,10453
0.0,27918
0.0,29779
0.0,27908
0.0,14850
0.0,5741
0.0,11580
0.0,13926
0.0,28963
0.0,11132
1.0,27645
0.0,918
0.0,2160
0.0,20690
0.0,17250
0.0,10521
0.0,23090
0.0,18980
0.0,18695
0.0,894
0.0,15287
0.0,3600
0.0,26448
1.0,19648
0.0,27680
0.0,14452
0.0,13085
0.0,26566
0.0,25866
0.0,28400
0.0,26551
0.0,2510
0.0,851
0.0,26352
0.0,15734
0.0,5497
0.0,17632
0.0,6477
0.0,9130
0.0,14190
0.0,21453
0.0,16018
0.0,7886
0.0,25101
0.0,5783
0.0,30652
0.0,22811
0.0,16773
0.0,7688
0.0,23208
0.0,11674
0.0,11928
0.0,20416
0.0,9551
0.0,27938
0.0,26014
0.0,9256
0.0,5770
0.0,19841
0.0,77
0.0,5982
0.0,5158
0.0,6096
1.0,239
0.0,14349
0.0,9618
0.0,17901
1.0,14359
0.0,5567
0.0,6665
0.0,29330
0.0,4809
0.0,18215
0.0,19741
0.0,16246
0.0,17237
0.0,3676
0.0,2601
0.0,9961
1.0,24888
0.0,1716
0.0,22402
0.0,6622
0.0,4843
0.0,21853
0.0,25016
0.0,1370
0.0,10770
0.0,11442
0.0,21284
0.0,11916
0.0,28127
0.0,30076
0.0,25798
0.0,10110
0.0,26019
0.0,1761
0.0,20587
1.0,3034
0.0,27242
0.0,11652
0.0,12769
0.0,9049
0.0,25316
0.0,22463
0.0,13351
1.0,17104
1.0,5307
0.0,18669
0.0,28105
0.0,5290
0.0,29965
1.0,6440
0.0,28084
0.0,3395
1.0,6984
0.0,25066
0.0,15058
0.0,21665
0.0,12891
0.0,19867
0.0,29022
0.0,12359
0.0,17248
0.0,16123
0.0,7461
0.0,16009
0.0,2639
0.0,28686
0.0,21488
1.0,14894
0.0,2626
0.0,28225
0.0,2710
0.0,28165
0.0,26618
0.0,23287
0.0,15358
0.0,29350
0.0,21417
0.0,4982
0.0,29985
0.0,10177
0.0,25496
0.0,24103
0.0,8385
0.0,5588
0.0,17367
0.0,20981
0.0,7989
0.0,18637
0.0,13220
0.0,12952
0.0,26131
0.0,5168
0.0,11596
0.0,14067
0.0,18354
0.0,2520
0.0,13530
0.0,22722
0.0,30575
0.0,7661
0.0,6746
0.0,6735
0.0,26546
0.0,9608
0.0,7699
0.0,19495
0.0,5622
0.0,25098
0.0,1468
0.0,24069
0.0,5988
0.0,8130
0.0,5119
1.0,26436
0.0,14491
0.0,25251
0.0,16399
1.0,20683
0.0,10645
0.0,30267
0.0,8214
0.0,16665
0.0,1166
0.0,29908
0.0,15491
0.0,15036
0.0,2163
0.0,6064
0.0,22727
0.0,26401
1.0,4898
0.0,20004
0.0,2818
1.0,11329
0.0,27512
0.0,10193
0.0,29774
0.0,12857
0.0,28981
0.0,1044
0.0,13429
0.0,25155
0.0,25118
0.0,26250
0.0,9944
0.0,6227
0.0,4891
0.0,3244
0.0,12906
0.0,28498
0.0,632
0.0,27384
0.0,29156
0.0,23669
0.0,17395
0.0,15563
0.0,18220
0.0,19014
0.0,4344
0.0,29067
0.0,11089
0.0,18169
1.0,5967
0.0,26684
0.0,16475
1.0,21576
0.0,13543
0.0,26233
0.0,21062
0.0,8203
0.0,6013
0.0,1877
0.0,5989
0.0,796
1.0,2078
0.0,6108
0.0,28915
0.0,4783
0.0,21375
0.0,26995
0.0,13095
0.0,24642
0.0,8392
0.0,16035
0.0,6915
0.0,29798
0.0,7766
1.0,3117
0.0,14046
0.0,1380
0.0,19699
0.0,6619
0.0,22027
0.0,24222
0.0,12232
0.0,8885
0.0,6231
0.0,6432
0.0,8417
0.0,3896
0.0,20492
0.0,10675
0.0,14256
0.0,7769
0.0,28829
0.0,2303
0.0,20469
0.0,30212
0.0,1048
0.0,10727
0.0,6443
0.0,28462
1.0,5428
0.0,15654
0.0,8817
0.0,18027
0.0,25031
0.0,19795
1.0,30424
0.0,20628
0.0,4738
0.0,21030
0.0,22877
0.0,6777
0.0,23528
0.0,3315
0.0,7502
0.0,9833
0.0,29210
0.0,20639
1.0,8399
0.0,20508
0.0,11496
0.0,1417
0.0,27378
1.0,25343
0.0,23008
0.0,10749
0.0,16535
0.0,29271
0.0,5358
0.0,28527
0.0,23500
0.0,15638
0.0,4008
1.0,70
0.0,19599
0.0,27374
1.0,25618
0.0,11982
0.0,18906
0.0,10044
0.0,18745
0.0,9759
0.0,7991
0.0,16040
0.0,23297
0.0,5949
0.0,24227
0.0,12336
0.0,22661
0.0,7080
0.0,30600
0.0,14911
0.0,518
0.0,9342
0.0,18665
1.0,7520
0.0,9808
0.0,13779
0.0,614
0.0,8306
0.0,18699
0.0,16531
0.0,5578
0.0,18163
0.0,15384
0.0,5408
0.0,18474
0.0,471
1.0,22633
0.0,7292
0.0,26354
0.0,12387
1.0,1035
0.0,23268
1.0,17121
0.0,14175
1.0,5686
0.0,25017
0.0,9915
1.0,23516
0.0,12807
0.0,3961
0.0,6670
0.0,741
0.0,20831
0.0,46
0.0,23193
0.0,18567
0.0,14080
0.0,1378
0.0,561
0.0,15598
0.0,8194
0.0,10459
0.0,19898
1.0,22832
0.0,7172
0.0,30634
0.0,20882
0.0,14909
0.0,11159
0.0,15653
0.0,26092
0.0,29943
0.0,22850
0.0,26363
0.0,800
0.0,29083
0.0,14601
0.0,29938
0.0,17140
0.0,13193
0.0,19331
0.0,8903
0.0,4253
0.0,7744
0.0,2396
0.0,24119
0.0,26998
0.0,7762
0.0,8423
0.0,30080
0.0,3740
0.0,9352
0.0,21945
0.0,2070
0.0,11126
0.0,1232
0.0,20718
0.0,15991
1.0,19499
0.0,23952
0.0,6214
0.0,5558
0.0,18324
1.0,6426
0.0,10841
0.0,10062
0.0,6632
0.0,8019
0.0,5109
0.0,4644
0.0,24357
0.0,8965
0.0,16442
0.0,8363
0.0,27991
0.0,6275
0.0,19954
0.0,4267
0.0,15210
0.0,6019
0.0,25249
0.0,25766
1.0,13340
0.0,28335
0.0,29746
0.0,28830
0.0,11735
0.0,13889
0.0,27966
1.0,23978
0.0,16451
0.0,1663
0.0,7194
0.0,24020
0.0,1739
0.0,18909
0.0,20404
0.0,6748
1.0,7457
0.0,14092
1.0,3550
0.0,15432
0.0,9002
0.0,830
0.0,7435
0.0,21874
0.0,17955
0.0,23334
0.0,2338
0.0,25179
0.0,12301
0.0,27489
0.0,27996
1.0,3936
0.0,7422
0.0,12409
0.0,18719
0.0,18522
0.0,27058
0.0,20251
1.0,25188
0.0,15569
0.0,19597
0.0,25855
0.0,4118
0.0,23682
0.0,26821
0.0,16646
0.0,14048
0.0,15814
0.0,641
0.0,29642
0.0,27290
1.0,8587
0.0,11432
0.0,16057
0.0,11363
0.0,19327
0.0,15518
0.0,24503
0.0,16670
0.0,13769
0.0,28847
0.0,5537
1.0,26133
0.0,26578
1.0,10430
0.0,14694
0.0,17227
0.0,738
0.0,12886
0.0,19521
0.0,26403
0.0,4437
0.0,12290
0.0,4826
1.0,5234
0.0,17264
0.0,3039
0.0,130
0.0,8514
1.0,1895
0.0,23543
0.0,17328
0.0,2292
0.0,24101
0.0,5835
0.0,16090
0.0,7841
1.0,16107
0.0,22929
0.0,18230
0.0,27890
0.0,14391
0.0,11375
0.0,21881
0.0,7175
0.0,29280
0.0,10134
1.0,537
0.0,29683
0.0,18477
0.0,13227
0.0,18236
0.0,10920
0.0,22695
0.0,21013
0.0,17530
0.0,2170
0.0,19986
0.0,28815
0.0,26479
0.0,20286
0.0,16429
0.0,25219
0.0,7309
0.0,13884
1.0,12867
0.0,2907
1.0,23830
0.0,21222
0.0,12165
0.0,23401
0.0,30666
0.0,6344
0.0,11140
0.0,11897
0.0,7711
0.0,9155
0.0,6179
0.0,11785
0.0,26320
0.0,24413
0.0,11185
0.0,13966
0.0,8512
0.0,18954
0.0,5361
0.0,9751
0.0,23780
1.0,25778
0.0,22072
0.0,655
0.0,18131
0.0,13476
0.0,6717
0.0,1012
0.0,16382
0.0,4918
0.0,27284
0.0,20527
0.0,7508
0.0,4259
0.0,8835
0.0,22192
0.0,5441
0.0,15094
0.0,16148
0.0,17279
0.0,27009
0.0,9281
0.0,9139
0.0,20465
0.0,12829
0.0,25874
1.0,5110
0.0,8205
0.0,29890
0.0,13396
0.0,12716
1.0,2375
0.0,11401
0.0,19531
0.0,23417
0.0,28697
0.0,5464
0.0,12607
0.0,25023
0.0,23792
1.0,26456
0.0,28863
0.0,9297
0.0,8032
0.0,22615
0.0,25973
0.0,30231
0.0,7342
0.0,26347
0.0,27555
0.0,23755
0.0,19377
0.0,14783
0.0,7472
0.0,22888
0.0,23534
0.0,28657
0.0,29461
0.0,29412
0.0,28798
0.0,16220
0.0,1542
0.0,29877
0.0,22601
0.0,18556
0.0,24755
0.0,3233
1.0,882
0.0,27085
0.0,3940
1.0,24695
0.0,5444
0.0,5955
0.0,2038
0.0,26520
0.0,11919
1.0,11000
0.0,22723
0.0,30656
0.0,16300
0.0,30375
0.0,19003
0.0,7257
0.0,14960
0.0,27755
0.0,30107
0.0,19184
0.0,14822
0.0,5003
0.0,12544
0.0,9917
0.0,22177
0.0,21085
0.0,1917
0.0,10071
0.0,5438
0.0,1760
0.0,26631
0.0,21886
1.0,5232
0.0,1726
0.0,29764
0.0,15147
0.0,13991
0.0,7754
0.0,16947
0.0,24935
0.0,7474
0.0,20137
1.0,23352
1.0,14593
0.0,28242
0.0,28524
0.0,18139
0.0,21930
0.0,19745
0.0,19804
0.0,26697
0.0,27604
0.0,1659
0.0,25013
0.0,6854
0.0,19721
0.0,26377
0.0,7065
0.0,26719
0.0,25035
0.0,11164
0.0,23897
0.0,14475
1.0,8771
0.0,3630
0.0,15823
1.0,28869
1.0,26773
0.0,8947
0.0,22253
0.0,20345
1.0,29414
0.0,21189
0.0,28612
0.0,11441
0.0,3121
0.0,10623
0.0,12948
0.0,19881
0.0,26104
0.0,22074
1.0,3311
1.0,7815
0.0,7267
0.0,13329
0.0,25577
0.0,4139
0.0,30268
0.0,23471
0.0,9563
0.0,16774
0.0,5236
0.0,25837
0.0,27969
0.0,8357
1.0,3591
0.0,1181
0.0,27572
0.0,12070
0.0,12456
0.0,26455
0.0,26090
0.0,10545
0.0,16165
0.0,24375
1.0,1019
0.0,6774
1.0,5017
0.0,16135
0.0,1206
0.0,5032
0.0,27315
0.0,20691
0.0,22124
0.0,28234
0.0,15540
1.0,26939
0.0,11059
0.0,22907
0.0,5958
0.0,9275
0.0,26523
0.0,2025
0.0,22496
0.0,14449
0.0,15591
0.0,1496
0.0,17580
0.0,22624
1.0,7948
0.0,22855
0.0,9513
0.0,6949
0.0,25982
0.0,11917
0.0,26680
0.0,26319
0.0,18316
0.0,8041
0.0,7811
0.0,11604
0.0,11264
0.0,22528
0.0,21246
0.0,18730
0.0,6017
0.0,7082
0.0,30320
0.0,5821
0.0,13674
0.0,10627
0.0,24522
0.0,7357
0.0,25430
0.0,1648
0.0,24497
0.0,1050
0.0,11541
0.0,21408
0.0,15196
0.0,25555
0.0,20657
0.0,8131
0.0,22873
0.0,17014
0.0,25588
0.0,21749
0.0,12581
0.0,21746
0.0,15885
0.0,10058
0.0,25186
0.0,29671
0.0,3874
0.0,5245
0.0,12484
0.0,21094
0.0,7776
0.0,19318
0.0,708
0.0,24488
0.0,13787
0.0,6913
0.0,605
0.0,21606
0.0,16608
0.0,28097
0.0,6249
0.0,21233
0.0,25867
0.0,11673
0.0,20862
0.0,25893
0.0,2561
1.0,24536
1.0,4702
0.0,5419
0.0,17622
1.0,6926
0.0,4349
0.0,3862
0.0,11752
0.0,5332
0.0,28054
0.0,14842
0.0,21939
0.0,17179
0.0,11705
0.0,71
0.0,7623
0.0,6941
0.0,27044
0.0,8725
0.0,28227
0.0,4762
0.0,6279
0.0,3657
0.0,26811
0.0,9809
0.0,5740
1.0,15265
0.0,15746
0.0,17305
0.0,15809
0.0,21219
0.0,12363
0.0,25382
0.0,30263
0.0,1669
0.0,30071
0.0,17862
0.0,2677
0.0,18762
0.0,10921
0.0,10522
0.0,12022
0.0,20578
1.0,9388
0.0,17374
0.0,15190
0.0,16853
0.0,6517
0.0,26405
0.0,9466
0.0,28299
0.0,6030
0.0,23713
1.0,24068
0.0,18136
0.0,23655
0.0,4454
0.0,19538
0.0,21150
0.0,29288
0.0,7289
0.0,28062
1.0,6159
0.0,7276
0.0,21704
0.0,22152
0.0,30373
0.0,23584
0.0,8451
0.0,25146
0.0,28626
0.0,9034
0.0,25544
0.0,18471
1.0,17119
0.0,6414
0.0,5939
0.0,2576
0.0,3225
1.0,2399
0.0,16380
0.0,26281
0.0,28916
0.0,9132
0.0,16660
0.0,18634
0.0,27841
0.0,21484
0.0,13332
0.0,30440
1.0,17443
0.0,24769
0.0,17440
1.0,15011
0.0,5493
0.0,22621
0.0,28699
0.0,18499
0.0,6226
0.0,27618
0.0,22162
1.0,3720
0.0,2873
0.0,16141
0.0,16490
0.0,15340
0.0,22321
0.0,2608
1.0,143
0.0,15657
0.0,5277
0.0,13452
0.0,2519
0.0,11715
0.0,13764
0.0,20233
0.0,26237
0.0,20208
0.0,29301
0.0,22034
0.0,25469
0.0,29824
0.0,16995
0.0,24075
0.0,6738
0.0,20163
0.0,549
0.0,25088
0.0,10012
1.0,23466
0.0,15439
0.0,17479
0.0,18565
0.0,13144
0.0,19956
0.0,19628
0.0,2830
1.0,23828
0.0,6176
0.0,13627
0.0,12920
0.0,27472
1.0,1984
0.0,6693
0.0,8485
0.0,16085
0.0,17030
1.0,10691
0.0,718
0.0,8956
0.0,25074
0.0,6957
0.0,8327
0.0,12334
0.0,18563
0.0,30545
0.0,24986
0.0,11221
0.0,6212
0.0,7071
0.0,12026
0.0,17015
0.0,22365
0.0,13014
0.0,20337
1.0,19946
0.0,15578
0.0,12332
0.0,14321
0.0,28289
0.0,15498
0.0,18037
0.0,22821
0.0,6707
0.0,4841
0.0,24479
0.0,28802
0.0,6285
0.0,4966
0.0,21357
0.0,17526
0.0,30577
0.0,24707
0.0,29391
0.0,28811
0.0,219
0.0,22468
0.0,3377
0.0,20452
0.0,6719
0.0,27508
0.0,4255
1.0,5128
0.0,17773
0.0,7702
0.0,26484
0.0,8767
1.0,10416
0.0,987
0.0,18849
0.0,6087
0.0,2814
0.0,1004
0.0,14169
0.0,14004
0.0,18095
0.0,1814
0.0,9934
0.0,18979
0.0,11869
0.0,225
0.0,8317
0.0,16339
0.0,29044
0.0,24252
0.0,17697
0.0,7454
1.0,1174
1.0,17290
0.0,19851
0.0,1472
0.0,28975
1.0,24520
0.0,19589
0.0,26688
0.0,2095
0.0,4859
0.0,5175
0.0,21096
0.0,20576
0.0,12054
0.0,29262
0.0,27646
0.0,15387
1.0,221
0.0,5045
0.0,23808
0.0,28665
0.0,26901
0.0,5943
0.0,8760
0.0,4977
0.0,22636
0.0,19367
0.0,13950
0.0,3321
0.0,6505
0.0,16911
0.0,22105
0.0,13564
0.0,11118
0.0,6734
0.0,15647
0.0,14395
0.0,323
0.0,28378
0.0,26528
0.0,5698
0.0,30415
0.0,14536
0.0,21126
0.0,30180
0.0,20312
0.0,15132
0.0,4169
0.0,28720
0.0,27622
0.0,21593
0.0,757
0.0,20902
0.0,28632
0.0,20887
0.0,4712
0.0,8135
0.0,807
0.0,10809
0.0,30348
0.0,17776
0.0,26390
0.0,8310
0.0,19618
0.0,19472
0.0,6215
0.0,7321
0.0,13427
0.0,203
0.0,20249
0.0,22291
0.0,28380
0.0,26659
0.0,18197
0.0,29238
0.0,10144
0.0,11640
0.0,17220
0.0,13690
0.0,26145
0.0,13657
0.0,5238
0.0,25775
0.0,8068
0.0,20091
0.0,21179
0.0,10793
0.0,29197
0.0,22629
0.0,6379
1.0,19660
0.0,13436
0.0,8794
0.0,10236
0.0,16552
1.0,22880
0.0,25253
0.0,28526
0.0,12142
0.0,2111
0.0,12595
0.0,20013
0.0,20941
0.0,14330
0.0,5465
0.0,25092
0.0,8072
0.0,8604
0.0,11691
0.0,15799
0.0,16573
0.0,16110
0.0,9392
0.0,5817
0.0,27111
0.0,22456
0.0,17986
0.0,7839
0.0,3987
0.0,18753
0.0,19583
0.0,4633
0.0,14554
0.0,9593
0.0,25962
0.0,9738
0.0,6918
0.0,13387
0.0,16824
